trad	vars	cn	tw	hk	jp	jpg	notes
㐹		㐹					
㑊		㑊					
㑮		𫝈					
㑯		㑔					
㑳		㑇					
㑶		㐹					
㒓		𠉂					
㓄		𪠟					
㓨		刾					
㔋		𪟎					
㕮		㕮					
㖮		𪠵					
㗲		𠵾					
㗿		𪡛					
㘉		𠰱					
㘓		𪢌					
㘔		𫬐					
㘚		㘎					
㙍		㙍					
㙘		㙘					
㙦		㙦					
㛃		㛃					
㛚		㛚					
㛝		𫝦					
㛹		㛹					
㜄		㚯					
㜏		㛣					
㜐		𫝧					
㜗		𡞋					
㜢		𡞱					
㜷		𡝠					
㞞		𪨊					
㟃		㟃					
㟺		𪩇					
㠇		㠇					
㠏		㟆					
㠓		㠓					
㠣		𫵷					
㢗		𪪑					
㢝		𢋈					
㥄		㥄					
㥮		㤘					
㦎		𢛯					
㦛		𢗓					
㦞		𪫷					
㨻		𪮃					
㩋		𪮋					
㩜		㨫					
㩳		㧐					
㩵		擜					
㪎		𪯋					
㫰		㫰					
㬊		㬊					
㬎		㬎					
㬚		㬚					
㭕		㭕					
㮾		㮾					
㯤		𣘐					
㰀		㰀					
㰙		𣗙					
㳇		㳇					
㳘		㳘					
㳚		㳚					
㴔		㴔					
㵐		㵐					
㵗		𣳆					
㵾		𪷍					
㶆		𫞛					
㶲		㶲					
㷍		𤆢					
㷿		𤈷					
㸆		㸆					
㸌		㸌					
㹽		𫞣					
㺄		㺄					
㺏		𤠋					
㺜		𪺻					
㻬		㻬					
㻶		𪼋					
㽏		㽏					
㿖		𪽮					
㿗		𤻊					
㿠		㿠					
㿧		𤽯					
䀉		𥁢					
䀹		𥅴					
䁪		𥇢					
䁻		䀥					
䂎		𥎝					
䂮		䂮					
䃎		䃎					
䃮		鿎					
䅐		𫀨					
䅳		𫀬					
䆉		𫁂					
䉑		𫁲					
䉙		𥬀					
䉬		𫂈					
䉲		𥮜					
䉶		𫁷					
䊭		𥺅					
䊷		䌶					
䊺		𫄚					
䋃		𫄜					
䋔		𫄞					
䋙		䌺					
䋚		䌻					
䋦		𫄩					
䋹		䌿					
䋻		䌾					
䋼		𫄮					
䋿		𦈓					
䌈		𦈖					
䌋		𦈘					
䌖		𦈜					
䌝		𦈟					
䌟		𦈞					
䌥		𦈠					
䌰		𦈙					
䍤		𫅅					
䍦		䍠					
䍽		𦍠					
䎃		䎃					
䎖		䎖					
䎙		𫅭					
䎱		䎬					
䏡		䏡					
䏲		䏲					
䐃		䐃					
䓛		䓛					
䓣		𬜯					
䓫		䓫					
䓬		䓬					
䕤		𫟕					
䕳		𦰴					
䖅		𫟑					
䗅		𫊪					
䗛		䗛					
䗪		䗪					
䗴		䗴					
䗿		𧉞					
䙔		𫋲					
䙡		䙌					
䙱		𧜭					
䚩		𫌯					
䛄		𫍠					
䛳		𫍫					
䜀		䜧					
䜖		𫟢					
䝭		𫎧					
䝻		𧹕					
䝼		䞍					
䞈		𧹑					
䞋		𫎪					
䞓		𫎭					
䟃		𫎺					
䟆		𫎳					
䟐		𫎱					
䠆		𫏃					
䠱		𨅛					
䡐		𫟤					
䡩		𫟥					
䡵		𫟦					
䢨		𨑹					
䢺		䢺					
䢼		䢼					
䣘		䣘					
䤤		𫟺					
䥄		𫠀					
䥇		䦂					
䥑		鿏					
䥕		𬭯					
䥗		𫔋					
䥩		𨱖					
䥯		𫔆					
䥱		䥾					
䦘		𨸄					
䦛		䦶					
䦟		䦷					
䦯		𫔵					
䦳		𨷿					
䧢		𨸟					
䪊		𫖅					
䪏		𩏼					
䪗		𩐀					
䪘		𩏿					
䪴		𫖫					
䪾		𫖬					
䫀		𫖱					
䫂		𫖰					
䫟		𫖲					
䫴		𩖗					
䫶		𫖺					
䫻		𫗇					
䫾		𫠈					
䬓		𫗊					
䬘		𩙮					
䬝		𩙯					
䬞		𩙧					
䬧		𫗟					
䭀		𩠇					
䭃		𩠈					
䭑		𫗱					
䭔		𫗰					
䭿		𩧭					
䮄		𫠊					
䮝		𩧰					
䮞		𩨁					
䮠		𩧿					
䮫		𩨇					
䮰		𫘮					
䮳		𩨏					
䮾		𩧪					
䯀		䯅					
䯤		𩩈					
䰾		鲃					
䱀		𫚐					
䱁		𫚏					
䱙		𩾈					
䱧		𫚠					
䱬		𩾊					
䱰		𩾋					
䱷		䲣					
䱸		𫠑					
䱽		䲝					
䲁		鳚					
䲅		𫚜					
䲖		𩾂					
䲘		鳤					
䲰		𪉂					
䳜		𫛬					
䳢		𫛰					
䳤		𫛮					
䳧		𫛺					
䳫		𫛼					
䴉		鹮					
䴋		𫜅					
䴬		𪎈					
䴱		𫜒					
䴴		𪎋					
䴽		𫜔					
䵳		𪑅					
䵴		𫜙					
䶕		𫜨					
䶲		𫜳					
一		一					
丁		丁					
七		七					
万		万					
丈		丈					
三		三					
上		上					
下		下					
不		不					
丏		丏					
丐		丐					
丑		丑					
且		且					
丕		丕					
世		世					
丘		丘					
丙		丙					
丞		丞					
丟	丢	丢					
並	竝	并			並	竝	
个		个					
丫		丫					
中		中					
丰		丰					
串		串					
丸		丸					
丹		丹					
主		主					
乂		乂					
乃		乃					
久		久					
之		之					
乍		乍					
乎		乎					
乏		乏					
乒		乒					
乓		乓					
乖		乖					
乘		乘			乗		
乙		乙					
乜		乜					
九		九					
乞		乞					
也		也					
乩		乩					
乳		乳					
乸		乸					
乾		干 乾					
亂		乱			乱		
了		了					
予		予					
事		事					
二		二					
亍		亍					
于		于					
云		云					
互		互					
亓		亓					
五		五					
井		井					
亘		亘					
亙		亘			亘		
些		些					
亞		亚			亜		
亟		亟					
亡		亡					
亢		亢					
交		交					
亥		亥					
亦		亦					
亨		亨					
享		享					
京		京					
亭		亭					
亮		亮					
亳		亳					
亶		亶					
亹		亹					
人		人					
什		什					
仁		仁					
仂		仂					
仃		仃					
仄		仄					
仆		仆					
仇		仇					
仉		仉					
今		今					
介		介					
仍		仍					
仔		仔					
仕		仕					
他		他					
仗		仗					
付		付					
仙		仙					
仝		仝 同					
仞		仞					
仟		仟					
仡		仡					
代		代					
令		令					
以		以					
仨		仨					
仫		仫					
仰		仰					
仲		仲					
仳		仳					
仵		仵					
件		件					
价		价					
任		任					
份		份					
仿		仿					
企		企					
伈		伈					
伉		伉					
伊		伊					
伋		伋					
伍		伍					
伎		伎					
伏		伏					
伐		伐					
休		休					
伕		夫					
伙		伙					
伢		伢					
伭		伭					
伯		伯					
估		估					
伲		伲					
伴		伴					
伶		伶					
伸		伸					
伺		伺					
似		似					
伽		伽					
伾		伾					
佁		佁					
佃		佃					
但		但					
佇		伫					
佈		布					
位		位					
低		低					
住		住					
佐		佐					
佑		佑					
佔		占					
何		何					
佖		佖					
佗		佗					
佘		佘					
余		余					
佚		佚					
佛		佛			仏		
作		作					
佝		佝					
佞		佞					
佟		佟					
你		你					
佣		佣					
佤		佤					
佩		佩					
佬		佬					
佯		佯					
佰		佰					
佳		佳					
佴		佴					
併		并			併	倂	
佶		佶					
佸		佸					
佺		佺					
佻		佻					
佼		佼					
佽		佽					
佾		佾					
使		使					
侁		侁					
侂		侂					
侃		侃					
侄		侄					
來		来			来		
侈		侈					
侉		侉					
例		例					
侍		侍					
侏		侏					
侑		侑					
侔		侔					
侖		仑					
侗		侗					
侘		侘					
供		供					
依		依					
侮		侮			侮	侮	
侯		侯					
侴		侴					
侵		侵					
侶	侣	侣					
侷		局					
侹		侹					
便		便					
俁	俣	俣					
係		系					
促		促					
俄		俄					
俅		俅					
俊		俊					
俍		俍					
俎		俎					
俏		俏					
俐		俐					
俑		俑					
俓		𠇹					
俔		伣					
俗		俗					
俘		俘					
俙		俙					
俚		俚					
俜		俜					
保		保					
俞		俞					
俟		俟					
俠		侠					
信		信					
俥		伡					
俬		私					
修		修					
俯		俯					
俱		俱					
俳		俳					
俵		俵					
俶		俶					
俸		俸					
俺		俺					
俾		俾					
倀		伥					
倆		俩					
倈		俫					
倉		仓					
個		个					
倌		倌					
倍		倍					
倏		倏					
們		们					
倒		倒					
倓		倓					
倔		倔					
倕		倕					
倖		幸					
倘		倘					
候		候					
倚		倚					
倜		倜					
倞		倞					
借		借					
倡		倡					
倥		倥					
倦		倦					
倧		倧					
倨		倨					
倩		倩					
倪		倪					
倫		伦					
倬		倬					
倭		倭					
倮		倮					
倲		㑈					
倴		倴					
倻		倻					
值		值					
偁		偁					
偃		偃					
假		假			仮		
偈		偈					
偉		伟					
偌		偌					
偎		偎					
偏		偏					
偑		㐽					
偓		偓					
偕		偕					
做		做					
停		停					
偡		偡					
健		健					
偭		偭					
偰		偰					
偲		偲					
側		侧					
偵		侦					
偶		偶					
偷		偷					
傀		傀					
傃		傃					
傅		傅					
傈		傈					
傉		傉					
傌		㐷					
傍		傍					
傑		杰					
傒		傒					
傕		傕					
傖		伧					
傘		伞					
備		备					
傢		家					
傣		傣					
催		催					
傭		佣					
傯	偬	偬					
傲		傲					
傳		传			伝		
傴		伛					
債		债					
傷		伤					
傺		傺					
傻		傻					
傾		倾					
僂		偻					
僅		仅					
僇		僇					
僉		佥					
僎		僎					
像		像					
僑		侨					
僔		僔					
僕		仆					
僖		僖					
僚		僚					
僞	偽	伪	偽	偽	偽		
僤		𫢸					
僥		侥					
僦		僦					
僧		僧			僧	僧	
僨		偾					
僬		僬					
僭		僭					
僮		僮					
僰		僰					
僱		雇					
僳		僳					
僵		僵					
價		价			価		
僻		僻					
儀		仪					
儁		俊					
儂		侬					
億		亿					
儆		儆					
儇		儇					
儈		侩					
儉		俭			倹		
儋		儋					
儎		傤					
儐		傧					
儒		儒					
儔		俦					
儕		侪					
儘		尽 侭					
償		偿					
儡		儡					
儣		𠆲					
儦		儦					
優		优					
儭		𠋆					
儲		储					
儳		儳					
儴		儴					
儷		俪					
儸		㑩					
儺		傩					
儻		傥					
儼		俨					
兀		兀					
允		允					
元		元					
兄		兄					
充		充					
兆		兆					
兇		凶					
先		先					
光		光					
克		克					
兌	兑	兑		兑			
免		免			免	免	
兒		儿			児		
兔		兔					
兕		兕					
兖		兖					
兗		兖					
党		党					
兜		兜					
兢		兢					
入		入					
內	内	内			内		
全		全					
兩		两			両		
八		八					
公		公					
六		六					
兮		兮					
共		共					
兵		兵					
其		其					
具		具					
典		典					
兼		兼					
冀		冀					
冉		冉					
冊	册	册					
再		再					
冏		冏					
冑		胄					
冒		冒					
冔		冔					
冕		冕					
冗		冗					
冠		冠					
冢		冢					
冤		冤					
冥		冥					
冪		幂					
冬		冬					
冮		冮					
冰		冰					
冱		冱					
冶		冶					
冷		冷					
冼		冼					
冽		冽					
准		准					
凇		凇					
凋		凋					
凌		凌					
凍		冻					
凓		凓					
凘		凘					
凙		𪞝					
凜	凛	凛					
凝		凝					
几		几					
凡		凡					
凰		凰					
凱		凯					
凳		凳					
凶		凶					
凸		凸					
凹		凹					
出		出					
凼		凼					
函		函					
刀		刀					
刁		刁					
刃		刃					
分		分					
切		切					
刈		刈					
刊		刊					
刎		刎					
刑		刑					
划		划					
刖		刖					
列		列					
初		初					
判		判					
別	别	别					
刨		刨					
利		利					
刪	删	删					
刮		刮					
到		到					
刳		刳					
制		制					
刷		刷					
券		券					
刺		刺					
刻		刻					
剁	刴	剁					
剃		剃					
剄		刭					
剅		剅					
則		则					
削		削					
剋	尅	克 剋					
剌		剌					
前		前					
剎	刹	刹			刹		
剔		剔					
剕		剕					
剖		剖					
剗		刬					
剛		刚					
剜		剜					
剝	剥	剥					
剞		剞					
剟		剟					
剡		剡					
剩		剩			剰		
剪		剪					
剮		剐					
副		副					
割		割					
剴		剀					
創		创					
剷		铲					
剽		剽					
剾		𠛅					
剿		剿					
劁		劁					
劂		劂					
劃	𠟱	划 㓰					
劄		劄 札					
劇		剧					
劈		劈					
劉		刘					
劊		刽					
劌		刿					
劍	劎 劒 剣 剱 劔	剑			剣		
劏		㓥					
劐		劐					
劑		剂			剤		
劓		劓					
劚		㔉					
力		力					
功		功					
加		加					
劣		劣					
助		助					
努		努					
劫		劫					
劬		劬					
劭		劭					
劼		劼					
劾		劾					
勁		劲					
勃		勃					
勇		勇					
勉		勉			勉	勉	
勍		勍					
勐		勐					
勑		𠡠					
勒		勒					
勔		勔					
動		动					
勖		勖					
勘		勘					
務		务					
勛		勋					
勝		胜					
勞		劳			労		
募		募					
勠		勠					
勢		势					
勣		绩 𪟝					
勤		勤			勤	勤	
勩		勚					
勰		勰					
勱		劢					
勳		勋			勲		
勵		励			励		
勸		劝			勧		
勺		勺					
勻	匀	匀			匀		
勾		勾					
勿		勿					
包		包					
匆		匆					
匈		匈					
匍		匍					
匏		匏					
匐		匐					
匕		匕					
化		化					
北		北					
匙		匙					
匜		匜					
匝		匝					
匠		匠					
匡		匡					
匣		匣					
匪		匪					
匭		匦					
匯	滙	汇					
匱		匮					
匹		匹					
匼		匼					
匾		匾					
匿		匿					
區		区			区		
十		十					
千		千					
卅		卅					
升		升					
午		午					
卉		卉					
半		半					
卑		卑			卑	卑	
卒		卒					
卓		卓					
協		协					
南		南					
博		博					
卜		卜					
卞		卞					
卟		卟					
占		占					
卡		卡					
卣		卣					
卦		卦					
卬		卬					
卮		卮					
卯		卯					
印		印					
危		危					
即	卽	即			即	卽	
卵		卵					
卷		卷			巻		
卸		卸					
卹		恤					
卻	却	却			却		
卿		卿					
厂		厂					
厄		厄					
厖		厖					
厘		厘					
厙		厍					
厚		厚					
厝		厝					
原		原					
厤		历					
厥		厥					
厭		厌					
厲		厉					
厴		厣					
去		去					
厾		厾					
參		参			参		
叄		叁		叁			
又		又					
叉		叉					
及		及					
友		友					
反		反					
叔		叔					
叕		叕					
取		取					
受		受					
叚		叚 假					
叛		叛					
叟		叟					
叢		丛					
口		口					
古		古					
句		句					
另		另					
叨		叨					
叩		叩					
只	𠮡	只					
叫		叫					
召		召					
叭		叭					
叮		叮					
可		可					
台		台					
叱		叱					
史		史					
右		右					
叵		叵					
叶		叶					
司		司					
叻		叻					
叼		叼					
吁		吁					
吃		吃					
各		各					
吆		吆					
合		合					
吉		吉					
吊		吊					
同		同					
名		名					
后		后					
吏		吏					
吐		吐					
向		向					
吒		咤 吒					
吖		吖					
君		君					
吝		吝					
吞		吞					
吟		吟					
吠		吠					
吡		吡					
吣		吣					
否		否					
吧		吧					
吩		吩					
含		含					
吭		吭					
吮		吮					
吱		吱					
吲		吲					
吳	吴	吴			呉		
吵		吵					
吶	呐	呐					
吸		吸					
吹		吹					
吻		吻					
吼		吼					
吽		吽					
吾		吾					
呀		呀					
呂	吕	吕					
呃		呃					
呆	獃	呆					
呇		呇					
呈		呈					
告		告					
呋		呋					
呔		呔					
呢		呢					
呣		呣					
呤		呤					
呦		呦					
周		周					
呱		呱					
呲		呲					
味		味					
呵		呵					
呶		呶					
呷		呷					
呸		呸					
呻		呻					
呼		呼					
命		命					
咀		咀					
咂		咂					
咄		咄					
咆		咆					
咇		咇					
咉		咉					
咋		咋					
和		和					
咍		咍					
咎		咎					
咐		咐					
咒		咒			呪		
咔		咔					
咕		咕					
咖		咖					
咚		咚					
咡		咡					
咣		咣					
咥		咥					
咦		咦					
咧		咧					
咨		咨					
咩		咩					
咪		咪					
咫		咫					
咬		咬					
咯		咯					
咱		咱					
咳		咳					
咴		咴					
咸		咸					
咺		咺					
咻		咻					
咼		呙					
咽		咽					
咿		咿					
哀		哀					
品		品					
哂		哂					
哃		哃					
哄		哄					
哆		哆					
哇		哇					
哈		哈					
哉		哉					
哌		哌					
哎		哎					
哏		哏					
哐		哐					
哚		哚					
哞		哞					
員		员					
哢		哢					
哥		哥					
哦		哦					
哧		哧					
哨		哨					
哩		哩					
哪		哪					
哭		哭					
哮		哮					
哯		𠯟					
哱		哱					
哲		哲					
哳		哳					
哺		哺					
哼		哼					
哽		哽					
哿		哿					
唁		唁					
唄		呗					
唆		唆					
唇		唇					
唉		唉					
唏		唏					
唐		唐					
唑		唑					
唓		𪠳					
唔		唔					
唣		唣					
唧		唧					
唪		唪					
唬		唬					
售		售					
唯		唯					
唰		唰					
唱		唱					
唳		唳					
唵		唵					
唷		唷					
唸		念					
唼		唼					
唾		唾					
唿		唿					
啁		啁					
啃		啃					
啄		啄					
商		商					
啉		啉					
啊		啊					
問		问					
啐		啐					
啓	啟	启	啟	啟			
啕		啕					
啖		啖					
啜		啜					
啞		哑			唖		
啡		啡					
啢		唡					
啤		啤					
啥		啥					
啦		啦					
啪		啪					
啫		啫					
啵		啵					
啶		啶					
啷		啷					
啻		啻					
啼		啼					
啾		啾					
喀		喀					
喁		喁					
喂		喂					
喃		喃					
善		善					
喆		喆 哲					
喇		喇					
喈		喈					
喉		喉					
喊		喊					
喋		喋					
喎		㖞					
喏		喏					
喑		喑					
喔		喔					
喘		喘					
喙		喙					
喚		唤					
喜		喜					
喝		喝			喝	喝	
喟		喟					
喤		喤					
喧		喧					
喪		丧					
喫		吃	吃	吃			
喬		乔					
單		单			単		
喱		喱					
喲		哟					
喳		喳					
喵		喵					
喹		喹					
喻		喻					
嗄		嗄					
嗅		嗅					
嗆		呛					
嗇		啬					
嗉		嗉					
嗊		唝					
嗌		嗌					
嗍		嗍					
嗎		吗					
嗐		嗐					
嗑		嗑					
嗒		嗒					
嗓		嗓					
嗔		嗔					
嗖		嗖					
嗚		呜					
嗜		嗜					
嗝		嗝					
嗞		嗞					
嗟		嗟					
嗡		嗡					
嗣		嗣					
嗤		嗤					
嗥		嗥					
嗦		嗦					
嗨		嗨					
嗩		唢					
嗪		嗪					
嗬		嗬					
嗯		嗯					
嗰		𠮶					
嗲		嗲					
嗵		嗵					
嗶		哔					
嗷		嗷					
嗹		𪡏					
嗽		嗽					
嗾		嗾					
嘀		嘀					
嘁		嘁					
嘆		叹			嘆	嘆	
嘈		嘈					
嘉		嘉					
嘌		嘌					
嘍		喽					
嘎		嘎					
嘏		嘏					
嘓		啯					
嘔		呕					
嘖		啧					
嘗		尝					
嘚		嘚					
嘛		嘛					
嘜		唛					
嘞		嘞					
嘟		嘟					
嘡		嘡					
嘣		嘣					
嘧		嘧					
嘩		哗					
嘪		𪡃					
嘬		嘬					
嘭		嘭					
嘮		唠					
嘯		啸					
嘰		叽					
嘲		嘲					
嘳		𪡞					
嘴		嘴					
嘵		哓					
嘶		嘶					
嘸		呒					
嘹		嘹					
嘺		𪡀					
嘻		嘻					
嘽		啴					
嘿		嘿					
噀		噀					
噁		恶 𫫇					
噂		噂					
噅		𠯠					
噇		噇					
噌		噌					
噍		噍					
噎		噎					
噓	嘘	嘘			嘘		
噔		噔					
噗		噗					
噘		噘					
噙		噙					
噚		㖊					
噝		咝					
噞		𪡋					
噠		哒					
噢		噢					
噤		噤					
噥		哝					
噦		哕					
器		器			器	器	
噩		噩					
噪		噪					
噫		噫					
噬		噬					
噯		嗳					
噱		噱					
噲		哙					
噴		喷					
噶		噶					
噸		吨					
噹		当 𪠽					
噻		噻					
噼		噼					
嚀		咛					
嚄		嚄					
嚅		嚅					
嚆		嚆					
嚇		吓					
嚌		哜					
嚎		嚎					
嚏		嚏					
嚐		尝					
嚓		嚓					
嚕		噜					
嚙		啮			噛		
嚚		嚚					
嚛		𪠸					
嚥		咽					
嚦		呖					
嚧		𠰷					
嚨		咙					
嚭		嚭					
嚮		向					
嚯		嚯					
嚲		亸					
嚳		喾					
嚴		严			厳		
嚶		嘤					
嚷		嚷					
嚼		嚼					
嚽		𪢕					
囀		啭					
囁		嗫					
囂		嚣					
囃		𠱞					
囅		冁					
囈		呓					
囉		啰					
囊		囊					
囌		苏					
囑		嘱			嘱		
囒		𪢠					
囔		囔					
囚		囚					
四		四					
回	囘 囬	回					
囟		囟					
因		因					
囡		囡					
囤		囤					
囪	囱	囱		囱			
囫		囫					
困		困					
囷		囷					
囹		囹					
固		固					
囿		囿					
圃		圃					
圄		圄					
圇		囵					
圈		圈			圏		
圉		圉					
圊		圊					
國		国			国		
圌		圌					
圍		围			囲		
圐		圐					
園		园					
圓		圆			円		
圖		图			図		
團		团			団		
圙		圙					
圜		圜					
圞		𪢮					
土		土					
圢		圢					
在		在					
圩		圩					
圪		圪					
圫		圫					
圬		圬					
圭		圭					
圮		圮					
圯		圯					
地		地					
圲		圲					
圳		圳					
圻		圻					
圾		圾					
址		址					
均		均					
坉		坉					
坊		坊					
坋		坋					
坌		坌					
坍		坍					
坎		坎					
坐		坐					
坑		坑					
坒		坒					
坡		坡					
坤		坤					
坥		坥					
坦		坦					
坨		坨					
坩		坩					
坪		坪					
坫		坫					
坬		坬					
坭		坭					
坯		坯					
坰		坰					
坳		坳					
坷		坷					
坻		坻					
坼		坼					
坽		坽					
垂		垂					
垃		垃					
垈		垈					
型		型					
垌		垌					
垍		垍					
垎		垎					
垏		垏					
垓		垓					
垕		垕					
垙		垙					
垚		垚					
垛	垜	垛					
垞		垞					
垟		垟					
垠		垠					
垡		垡					
垢		垢					
垣		垣					
垤		垤					
垧		垧					
垮		垮					
垵		垵					
垸		垸					
垺		垺					
垻		坝					
垾		垾					
垿		垿					
埂		埂					
埃		埃					
埆		埆					
埇		埇					
埋		埋					
埌		埌					
城		城					
埏		埏					
埒		埒					
埔		埔					
埕		埕					
埗		埗					
埝		埝					
域		域					
埠		埠					
埡		垭					
埤		埤					
埨		𫭢					
埪		埪					
埫		埫					
埬		𪣆					
埭		埭					
埯		埯					
埰		采					
埴		埴					
埵		埵					
執		执					
埸		埸					
培		培					
基		基					
埼	碕	埼					
埽		埽					
堂		堂					
堃		堃 坤					
堅		坚					
堆		堆					
堇		堇					
堉		堉					
堊		垩					
堋		堋					
堌		堌					
堍		堍					
堎		堎					
堐		堐					
堖		垴					
堙		堙					
堚		𪣒					
堝		埚					
堞		堞					
堠		堠					
堡		堡					
堤		堤					
堧		堧					
堨		堨					
堪		堪					
堯		尧					
堰		堰					
報		报					
堲		堲					
場		场					
堵		堵					
堼		堼					
堽		堽					
堾		堾					
塀	塀				塀	塀	
塄		塄					
塅		塅					
塊		块					
塋		茔					
塌		塌					
塍		塍					
塏		垲					
塑		塑					
塒		埘					
塔		塔					
塗		涂					
塘		塘					
塚		冢			塚	塚	
塝		塝					
塞		塞					
塢		坞					
塤		埙					
塥		塥					
填		填					
塬		塬					
塱		塱					
塵		尘					
塸		𫭟					
塹		堑					
塾		塾					
塿		𪣻					
墀		墀					
墁		墁					
境		境					
墅		墅					
墈		墈					
墉		墉					
墊		垫					
墐		墐					
墒		墒					
墓		墓					
墕		墕					
墘		墘					
墚		墚					
墜		坠					
增		增			増		
墟		墟					
墠		𫮃					
墡		墡					
墣		墣					
墦		墦					
墨		墨			墨	墨	
墩		墩					
墮		堕			堕		
墲		𪢸					
墳		坟					
墶		垯					
墼		墼					
墾		垦					
壁		壁					
壅		壅					
壇	墰 壜 罎	坛					
壈		𡒄					
壋		垱					
壎		埙					
壑		壑					
壓		压			圧		
壕		壕					
壗		𡋤					
壘		垒			塁		
壙		圹					
壚		垆					
壞		坏			壊		
壟		垄					
壠		垅					
壢		坜					
壣		𪤚					
壤		壤			壌		
壩		坝					
壪		塆					
士		士					
壬		壬					
壯		壮			壮		
壹		壹			壱		
壺	壷	壶					
壼		壸					
壽		寿			寿		
夏		夏					
夐		夐					
夔		夔					
夕		夕					
外		外					
夙		夙					
多		多					
夜		夜					
夠	够	够					
夢		梦					
夤		夤					
夥		伙 夥					
大		大					
天		天					
太		太					
夫		夫					
夬		夬					
夭		夭					
央		央					
夯		夯					
失		失					
夷		夷					
夸		夸					
夼		夼					
夾		夹					
奄		奄					
奇		奇					
奈		奈					
奉		奉					
奎		奎					
奏		奏					
奐		奂					
契		契					
奓		奓					
奔		奔					
奕		奕					
套		套					
奘		奘					
奚		奚					
奠		奠					
奡		奡					
奢		奢					
奧	奥	奥			奥		
奩		奁					
奪		夺					
奭		奭					
奮		奋					
女		女					
奴		奴					
奶		奶					
奸		奸					
她		她					
奼	姹	姹					
好		好					
妁		妁					
如		如					
妃		妃					
妄		妄					
妊		妊					
妍		妍					
妒		妒					
妓		妓					
妖		妖					
妗		妗					
妘		妘					
妙		妙					
妝		妆		妝 粧	粧		
妞		妞					
妣		妣					
妤		妤					
妥		妥					
妧		妧					
妨		妨					
妭		妭					
妮		妮					
妯		妯					
妲		妲					
妹		妹					
妻		妻					
妾		妾					
姆		姆					
姈		姈					
姊		姊					
始		始					
姍	姗	姗					
姐		姐					
姑		姑					
姒		姒					
姓		姓					
委		委					
姘		姘					
姚		姚					
姜		姜					
姝		姝					
姞		姞					
姣		姣					
姤		姤					
姥		姥					
姦		奸					
姨		姨					
姬		姬					
姮		姮					
姱		姱					
姶		姶					
姻		姻					
姽		姽					
姿		姿					
娀		娀					
威		威					
娃		娃					
娉		娉					
娌		娌					
娑		娑					
娓		娓					
娘		娘					
娙		𫰛					
娛	娱	娱					
娜		娜					
娟		娟					
娠		娠					
娣		娣					
娥		娥					
娩		娩					
娵		娵					
娶		娶					
娼		娼					
婀		婀					
婁		娄					
婆		婆					
婉		婉					
婊		婊					
婌		婌					
婍		婍					
婕		婕					
婘		婘					
婚		婚					
婞		婞					
婠		婠					
婡		𫝫					
婢		婢					
婤		婤					
婦		妇					
婧		婧					
婪		婪					
婫		婫					
婭		娅					
婷		婷					
婺		婺					
婻		婻					
婼		婼					
婿		婿					
媂		媂					
媄		媄					
媆		媆					
媈		𫝨					
媒		媒					
媓		媓					
媖		媖					
媚		媚					
媛		媛					
媞		媞					
媧		娲					
媰		㛀					
媱		媱					
媲		媲					
媳		媳					
媵		媵					
媸		媸					
媼	媪	媪		媪			
媽		妈					
媾		媾					
嫁		嫁					
嫂		嫂					
嫄		嫄					
嫉		嫉					
嫋	嬝	袅					
嫌		嫌					
嫕		嫕					
嫖		嫖					
嫗		妪					
嫘		嫘					
嫚		嫚					
嫜		嫜					
嫠		嫠					
嫡		嫡					
嫣		嫣					
嫦		嫦					
嫩		嫩					
嫪		嫪					
嫫		嫫					
嫭		嫭					
嫵		妩					
嫺		娴	嫻				
嫻		娴					
嫽		嫽					
嫿		婳					
嬀	媯	妫	媯	媯			
嬃		媭					
嬇		𫝬					
嬈		娆					
嬉		嬉					
嬋		婵					
嬌		娇					
嬖		嬖					
嬗		嬗					
嬙		嫱					
嬛		嬛					
嬡		嫒					
嬣		𪥰					
嬤	嬷	嬷					
嬥		嬥					
嬦		𫝩					
嬪		嫔					
嬬		嬬					
嬰		婴					
嬴		嬴					
嬸		婶					
嬻		𪥿					
嬿		嬿					
孀		孀					
孃		娘			嬢		
孄		𫝮					
孅		孅					
孆		𫝭					
孇		𪥫					
孋		㛤					
孌		娈					
孎		𡠟					
子		子					
孑		孑					
孓		孓					
孔		孔					
孕		孕					
孖		孖					
字		字					
存		存					
孚		孚					
孛		孛					
孜		孜					
孝		孝					
孟		孟					
孢		孢					
季		季					
孤		孤					
孥		孥					
孩		孩					
孫		孙					
孬		孬					
孰		孰					
孱		孱					
孳		孳					
孵		孵					
學		学			学		
孺		孺					
孻		𡥧					
孽		孽					
孾		𪧀					
孿		孪					
它		它					
宄		宄					
宅		宅					
宇		宇					
守		守					
安		安					
宋		宋					
完		完					
宏		宏					
宓		宓					
宕		宕					
宗		宗					
官		官					
宙		宙					
定		定					
宛		宛					
宜		宜					
客		客					
宣		宣					
室		室					
宥		宥					
宦		宦					
宧		宧					
宬		宬					
宮	宫	宫					
宰		宰					
害		害					
宴		宴					
宵		宵					
家		家					
宸		宸					
容		容					
宿		宿					
寀		采					
寁		寁					
寂		寂					
寄		寄					
寅		寅					
密		密					
寇		寇					
富		富					
寐		寐					
寒		寒					
寓		寓					
寞		寞					
察		察					
寠		𪧘					
寡		寡					
寢		寝			寝		
寤		寤					
寥		寥					
實		实			実		
寧		宁					
寨		寨					
審		审					
寫		写			写		
寬		宽			寛		
寮		寮					
寰		寰					
寵		宠					
寶		宝			宝		
寸		寸					
寺		寺					
封		封					
射		射					
將		将			将		
專		专			専		
尉		尉					
尊		尊					
尋		寻					
對		对			対		
導		导					
小		小					
少		少					
尕		尕					
尖		尖					
尚		尚					
尜		尜					
尢		尢					
尤		尤					
尥		尥					
尨		尨					
尪		尪					
尬		尬					
就		就					
尷		尴					
尸		尸					
尹		尹					
尺		尺					
尻		尻					
尼		尼					
尾		尾					
尿		尿					
局		局					
屁		屁					
居		居					
屆	届	届			届		
屈		屈					
屉		屉					
屋		屋					
屍		尸					
屎		屎					
屏		屏					
屐		屐					
屑		屑					
屓		屃					
展		展					
屙		屙					
屜		屉					
屠		屠					
屢		屡					
屣		屣					
層		层			層	層	
履		履					
屨		屦					
屩		𪨗					
屬		属			属		
屯		屯					
山		山					
屹		屹					
屺		屺					
屼		屼					
屾		屾					
岈		岈					
岊		岊					
岌		岌					
岍		岍					
岐		岐					
岑		岑					
岔		岔					
岙		岙					
岜		岜					
岞		岞					
岠		岠					
岡		冈					
岢		岢					
岣		岣					
岨		岨					
岩		岩					
岫		岫					
岬		岬					
岱		岱					
岳		岳					
岵		岵					
岷		岷					
岸		岸					
峁		峁					
峂		峂					
峋		峋					
峒		峒					
峗		峗					
峘		峘					
峙		峙					
峛		峛					
峧		峧					
峨		峨					
峪		峪					
峭		峭					
峯	峰	峰	峰		峰		
峱		峱					
峴		岘					
島		岛					
峻		峻					
峽		峡			峡		
峿		峿					
崀		崀					
崁		崁					
崆		崆					
崇		崇					
崌		崌					
崍		崃					
崎		崎					
崑		昆					
崒		崒					
崔		崔					
崖		崖					
崗		岗					
崙	崘	仑 𪨧					
崚		崚					
崛		崛					
崞		崞					
崟		崟					
崡		崡					
崢	峥	峥					
崤		崤					
崦		崦					
崧		崧					
崩		崩					
崬		岽					
崮		崮					
崴		崴					
崶		崶					
崽		崽					
崾		崾					
崿		崿					
嵁		嵁					
嵅		嵅					
嵇		嵇					
嵊		嵊					
嵋		嵋					
嵌		嵌					
嵎		嵎					
嵐		岚					
嵖		嵖					
嵛		嵛					
嵩		嵩					
嵫		嵫					
嵬		嵬					
嵯		嵯					
嵲		嵲					
嵴		嵴					
嵼		𡶴					
嵽		𫶇					
嵾		㟥					
嶁		嵝					
嶂		嶂					
嶄		崭					
嶅		嶅					
嶇		岖					
嶈		𡺃					
嶍		嶍					
嶒		嶒					
嶓		嶓					
嶔		嵚					
嶗		崂					
嶘		𡺄					
嶙		嶙					
嶝		嶝					
嶟		嶟					
嶠		峤					
嶢		峣					
嶦		嶦					
嶧		峄					
嶨		峃					
嶮		崄					
嶲		嶲					
嶷		嶷					
嶸		嵘					
嶹		𫝵					
嶺		岭					
嶼		屿					
嶽	𡶓 𡶳 𡴳	岳			岳		
巇		巇					
巉		巉					
巊		𪩎					
巋		岿					
巍		巍					
巒		峦					
巔		巅					
巖		岩			巌		
巗		𪨷					
巘		𪩘					
川		川					
州		州					
巡		巡					
巢		巢			巣		
工		工					
左		左					
巧		巧					
巨		巨					
巫		巫					
差		差					
巰		巯					
己		己					
已		已					
巳		巳					
巴		巴					
巷		巷					
巹	卺	卺					
巽		巽					
巾		巾					
市		市					
布		布					
帆		帆					
希		希					
帑		帑					
帔		帔					
帕		帕					
帖		帖					
帘		帘					
帙		帙					
帚		帚					
帛		帛					
帝		帝					
帡		帡					
帥		帅					
帨		帨					
師		师					
席		席					
帳		帐					
帶		带			帯		
帷		帷					
常		常					
帽		帽					
幀		帧					
幂		幂					
幃		帏					
幄		幄					
幅		幅					
幌		幌					
幓		㡎					
幔		幔					
幕		幕					
幖		幖					
幗		帼					
幘		帻					
幛		幛					
幝		𪩷					
幞		幞					
幟		帜					
幡		幡					
幢		幢					
幣		币					
幩		𪩸					
幪		幪					
幫		帮					
幬		帱					
干		干					
平		平					
年		年					
并	幷	并					
幸		幸					
幹		干					
幺		幺	么				
幻		幻					
幼		幼					
幽		幽					
幾		几					
广		广					
庇		庇					
庋		庋					
序		序					
底		底					
庖		庖					
店		店					
庚		庚					
府		府					
庠		庠					
庤		庤					
庥		庥					
度		度					
座		座					
庫		库					
庭		庭					
庱		庱					
庳		庳					
庵		庵					
庶		庶					
康		康					
庸		庸					
庹		庹					
庾		庾					
廁	厠	厕			厠		
廂	厢	厢					
廄	厩	厩					
廆		廆					
廈	厦	厦					
廉		廉					
廊		廊			廊	廊	
廋		廋					
廎		庼					
廑		廑					
廒		廒					
廓		廓					
廕		荫					
廖		廖					
廙		廙					
廚	厨	厨					
廛		廛					
廝	厮	厮					
廞		𫷷					
廟		庙					
廠		厂					
廡		庑					
廢		废			廃		
廣		广			広		
廧		𪪞					
廨		廨					
廩	廪	廪					
廬		庐 𪪏					
廳		厅			庁		
延		延					
廷		廷					
建		建					
廿		廿					
弁		弁			弁		
异		异					
弄		弄					
弆		弆					
弇		弇					
弈		弈					
弊		弊					
弋		弋					
式		式					
弒	弑	弑					
弓		弓					
弔		吊					
引		引					
弗		弗					
弘		弘					
弛		弛					
弟		弟					
弢		弢					
弦		弦					
弧		弧					
弨		弨					
弩		弩					
弭		弭					
弱		弱					
弳		弪					
張		张					
弶		弶					
強	强	强					
弸		弸					
弼		弼					
彀		彀					
彃		𪪼					
彄		𫸩					
彆		别					
彈		弹			弾		
彌		弥			弥		
彎		弯			弯		
彔		录					
彖		彖					
彗		彗					
彘		彘					
彙		汇					
彝	彞	彝					
彠		彟					
形		形					
彤		彤					
彥	彦	彦			彦		
彧		彧					
彩		彩					
彪		彪					
彫		雕					
彬		彬					
彭		彭					
彰		彰					
影		影					
彲		彨					
彳		彳					
彷		彷 仿					
役		役					
彼		彼					
彿		佛					
往		往					
征		征					
徂		徂					
待		待					
徇		徇					
很		很					
徉		徉					
徊		徊					
律		律					
後		后					
徐		徐					
徑		径			径		
徒		徒					
得		得					
徘		徘					
徙		徙					
徛		徛					
徜		徜					
從		从			従		
徠		徕					
御		御					
徨		徨					
復		复					
循		循					
徭		徭					
微		微					
徵		征 徵			徴		
德		德			徳		
徹		彻					
徼		徼					
徽		徽					
徿		𪫌					
心		心					
必		必					
忉		忉					
忌		忌					
忍		忍					
忐		忐					
忑		忑					
忒		忒					
忖		忖					
志		志					
忘		忘					
忙		忙					
忝		忝					
忞		忞					
忠		忠					
忡		忡					
忤		忤					
忪		忪					
快		快					
忭		忭					
忮		忮					
忱		忱					
忳		忳					
念		念					
忸		忸					
忺		忺					
忻		忻					
忽		忽					
忿		忿					
怊		怊					
怍		怍					
怎		怎					
怏		怏					
怒		怒					
怔		怔					
怕		怕					
怖		怖					
怙		怙					
怛		怛					
思		思					
怠		怠					
怡		怡					
急		急					
怦		怦					
性		性					
怨		怨					
怩		怩					
怪		怪					
怫		怫					
怯		怯					
怵		怵					
恁		恁					
恂		恂					
恃		恃					
恆		恒			恒		
恍		恍					
恐		恐					
恒		恒					
恓		恓					
恔		恔					
恕		恕					
恙		恙					
恚		恚					
恝		恝					
恢		恢					
恣		恣					
恤		恤					
恥	耻	耻					
恧		恧					
恨		恨					
恩		恩					
恪		恪					
恫		恫					
恬		恬					
恭		恭					
息		息					
恰		恰					
恿		恿					
悃		悃					
悄		悄					
悅	悦	悦		悦	悦		
悆		悆					
悈		悈					
悉		悉					
悌		悌					
悍		悍					
悒		悒					
悔		悔			悔	悔	
悖		悖					
悚		悚					
悛		悛					
悝		悝					
悞		悮					
悟		悟					
悠		悠					
悢		悢					
患		患					
您		您					
悰		悰					
悱		悱					
悲		悲					
悴		悴					
悵		怅					
悶		闷					
悸		悸					
悻		悻					
悼		悼					
悽		凄					
情		情					
惆		惆					
惇		惇					
惋		惋					
惎		惎					
惑		惑					
惔		惔					
惕		惕					
惘		惘					
惙		惙					
惚		惚					
惛		惛					
惜		惜					
惝		惝					
惟		惟					
惠		惠			恵		
惡		恶			悪		
惦		惦					
惰		惰					
惱		恼			悩		
惲		恽					
想		想					
惴		惴					
惶		惶					
惹		惹					
惺		惺					
惻		恻					
愀		愀					
愁		愁					
愃		愃					
愆		愆					
愈		愈					
愉		愉					
愍		愍					
愎		愎					
意		意					
愐		愐					
愔		愔					
愕		愕					
愚		愚					
愛		爱					
愜		惬					
感		感					
愣		愣					
愧		愧					
愨	慤 𣪎	悫					
愫		愫					
愭		愭					
愴		怆					
愷		恺					
愻		𢙏					
愾		忾					
愿		愿					
慄		栗					
慆		慆					
慈		慈					
慊		慊					
態		态					
慌		慌					
慍	愠	愠		愠			
慎		慎			慎	愼	
慕		慕					
慘		惨			惨		
慚		惭					
慝		慝					
慟		恸					
慢		慢					
慣		惯					
慥		慥					
慧		慧					
慨		慨			慨	慨	
慪		怄					
慫		怂					
慬		慬					
慮		虑					
慰		慰					
慳		悭					
慵		慵					
慶		庆					
慷		慷					
慺		㥪					
慼		戚					
慾		欲					
憂		忧					
憊		惫					
憋		憋					
憎		憎			憎	憎	
憐		怜					
憑		凭					
憒		愦					
憔		憔					
憕		憕					
憖		慭					
憙		憙					
憚		惮					
憢		𢙒					
憤		愤					
憧		憧					
憨		憨					
憩		憩					
憫		悯					
憬		憬					
憭		憭					
憮		怃					
憲		宪					
憶		忆					
憷		憷					
憸		𪫺					
憹		𢙐					
憺		憺					
憾		憾					
懀		𢙓					
懂		懂					
懇		恳					
懈		懈					
應		应			応		
懊		懊					
懋		懋					
懌		怿					
懍	懔	懔					
懎		𢠁					
懞		蒙					
懟		怼					
懣		懑					
懤		㤽					
懦		懦					
懨		恹					
懲		惩			懲	懲	
懵		懵					
懶		懒					
懷		怀			懐		
懸		悬					
懺		忏					
懼		惧					
懾		慑					
懿		懿					
戀		恋			恋		
戇		戆					
戈		戈					
戊		戊					
戌		戌					
戍		戍					
戎		戎					
成		成					
我		我					
戒		戒					
戔		戋					
戕		戕					
或		或					
戚		戚					
戛		戛					
戟		戟					
戡		戡					
戢		戢					
戣		戣					
戤		戤					
戥		戥					
戧		戗					
戩	戬	戬					
截		截					
戭		戭					
戮		戮					
戰		战 𢧐			戦		
戱		戯					
戲		戏			戯		
戳		戳					
戴		戴					
戶	户 戸	户		户	戸		
戽		戽					
戾		戾			戻		
房		房					
所		所					
扁		扁					
扂		扂					
扃		扃					
扅		扅					
扆		扆					
扇		扇					
扈		扈					
扉		扉					
扊		扊					
手		手					
才		才					
扎		扎					
扒		扒					
打		打					
扔		扔					
托		托					
扛		扛					
扞		扞 捍					
扣		扣					
扦		扦					
扭		扭					
扮		扮					
扯		扯					
扳		扳					
扶		扶					
批		批					
扺		扺					
扼		扼					
扽		扽					
找		找					
承		承					
技		技					
抃		抃					
抄		抄					
抉		抉					
把		把					
抑		抑					
抒		抒					
抓		抓					
抔		抔					
投		投					
抖		抖					
抗		抗					
折		折					
抨		抨					
披		披					
抬		抬					
抱		抱					
抵		抵					
抹		抹					
抻		抻					
押		押					
抽		抽					
抿		抿					
拂		拂			払		
拃		拃					
拄		拄					
担		担					
拆		拆					
拇		拇					
拈		拈					
拉		拉					
拊		拊					
拋	抛	抛					
拌		拌					
拍		拍					
拎		拎					
拐		拐					
拒		拒					
拓		拓					
拔		拔			抜		
拖		拖					
拗		拗					
拘		拘					
拙		拙					
招		招					
拜		拜			拝		
拤		拤					
括		括					
拭		拭					
拮		拮					
拯		拯					
拱		拱					
拳		拳					
拴		拴					
拶		拶					
拷		拷					
拼		拼					
拽		拽					
拾		拾					
拿		拿					
持		持					
挂		挂					
挆	挅						
指		指					
挈		挈					
按		按					
挎		挎					
挑		挑					
挓		挓					
挖		挖					
挨		挨					
挩		捝		捝			
挪		挪					
挫		挫					
振		振					
挲	挱 𣴷	挲					
挹		挹					
挺		挺					
挽		挽					
挾		挟			挟		
捂		捂					
捃		捃					
捅		捅					
捆		捆					
捉		捉					
捋		捋					
捌		捌					
捍		捍					
捎		捎					
捏		捏					
捐		捐					
捕		捕					
捧		捧					
捨		舍					
捩		捩					
捫		扪					
捭		捭					
据		据					
捯		捯					
捱		挨					
捲		卷					
捶		捶					
捷		捷					
捺		捺					
捻		捻					
捽		捽					
掀		掀					
掂		掂					
掃		扫					
掄		抡					
掆		㧏					
掇		掇					
授		授					
掉		掉					
掊		掊					
掌		掌					
掎		掎					
掏		掏					
掐		掐					
排		排					
掖		掖					
掗		挜					
掘		掘					
掙	挣	挣					
掚		𪭵					
掛		挂					
掞		掞					
掠		掠					
採		采					
探		探					
掣		掣					
接		接					
控		控					
推		推					
掩		掩					
措		措					
掬		掬					
掭		掭					
掮		掮					
掰		掰					
掾		掾					
揀		拣					
揄		揄					
揆		揆					
揉		揉					
揍		揍					
描		描					
提		提					
插		插			挿		
揕		揕					
揖		揖					
揚		扬					
換		换					
揠		揠					
握		握					
揣		揣					
揩		揩					
揪		揪					
揭		揭			掲		
揮		挥					
揯		搄					
揳		揳					
援		援					
揶		揶					
揸		揸					
揹		背					
搋		搋					
搌		搌					
損		损					
搏		搏					
搐		搐					
搒		搒					
搓		搓					
搔		搔			掻		
搖	摇	摇			揺		
搗		捣					
搛		搛					
搜		搜			捜		
搞		搞					
搠		搠					
搡		搡					
搦		搦					
搪		搪					
搬		搬					
搭		搭					
搴		搴					
搵		揾		揾			
搶		抢					
搽		搽					
摀		捂					
摁		摁					
摋		𢫬					
摏		摏					
摐		𪭢					
摑		掴			掴		
摒		摒					
摔		摔					
摘		摘					
摛		摛					
摜		掼					
摞		摞					
摟		搂					
摧		摧					
摩		摩					
摭		摭					
摯		挚					
摳		抠					
摴		摴					
摶		抟					
摸		摸					
摹		摹					
摺		折					
摻		掺					
摽		摽					
撂		撂					
撅		撅					
撇		撇					
撈		捞					
撊		𪭾					
撏		挦					
撐	撑	撑					
撒		撒					
撓		挠					
撕		撕					
撖		撖					
撙		撙					
撝		㧑					
撞		撞					
撟		挢					
撣		掸					
撤		撤					
撥		拨					
撧		𪮖					
撩		撩					
撫		抚					
撬		撬					
播		播					
撮		撮					
撰		撰					
撲		扑					
撳		揿					
撻		挞					
撼		撼					
撾		挝					
撿		捡					
擀		擀					
擁		拥					
擂		擂					
擄		掳					
擅		擅					
擇		择			択		
擊		击			撃		
擋		挡					
操		操					
擎		擎					
擐		擐					
擒		擒					
擓		㧟					
擔		担			担		
擘		擘					
據		据			拠		
擟		𪭧					
擠		挤					
擡		抬	抬	抬			
擢		擢					
擣		捣 𢭏					
擤		擤					
擦		擦					
擫		𢬍					
擬		拟					
擯		摈					
擰		拧					
擱		搁					
擲		掷					
擴		扩			拡		
擷		撷					
擺		摆					
擻		擞					
擼		撸					
擽		㧰					
擾		扰					
擿		擿					
攀		攀					
攄		摅					
攆		撵					
攉		攉					
攋		𪮶					
攏		拢					
攔		拦					
攖		撄					
攘		攘					
攙		搀					
攛		撺					
攜	携	携					
攝		摄			摂		
攢		攒					
攣		挛					
攤		摊					
攥		攥					
攪		搅			撹		
攫		攫					
攬		揽					
攮		攮					
支		支					
收		收			収		
攸		攸					
改		改					
攻		攻					
攽		攽					
放		放					
政		政					
故		故					
效		效			効		
敉		敉					
敏		敏			敏	敏	
救		救					
敓		敚		敚			
敔		敔					
敕		敕			勅		
敖		敖					
敗		败					
敘	敍 叙	叙	敘	敍	叙	敍	
教	敎	教					
敝		敝					
敞		敞					
敢		敢					
散		散					
敦		敦					
敫		敫					
敬		敬					
敲		敲					
整		整					
敵		敌					
敷		敷					
數		数			数		
斂		敛					
斃		毙					
斅		𢽾					
斆		敩					
文		文					
斌		斌					
斐		斐					
斑		斑					
斕		斓					
斗		斗					
料		料					
斛		斛					
斜		斜					
斝		斝					
斟		斟					
斠		斠					
斡		斡					
斤		斤					
斥		斥					
斧		斧					
斫		斫					
斬		斩					
斯		斯					
新		新					
斶		斶					
斷		断			断		
斸		𣃁					
方		方					
於		于 於					
施		施					
旁		旁					
旃		旃					
旄		旄					
旅		旅					
旆		旆					
旋		旋					
旌		旌					
旎		旎					
族		族					
旐		旐					
旒		旒					
旖		旖					
旗	旂	旗					
旞		旞					
既	旣	既			既	既	
日		日					
旦		旦					
旨		旨					
早		早					
旬		旬					
旭		旭					
旮		旮					
旯		旯					
旰		旰					
旱		旱					
旴		旴					
旵		旵					
旺		旺					
旻		旻					
旿		旿					
昀		昀					
昂		昂					
昃		昃					
昄		昄					
昆		昆					
昇		升 昇					
昈		昈					
昉		昉					
昊		昊					
昌		昌					
明		明					
昏		昏					
昒		昒					
易		易					
昔		昔					
昕		昕					
昝		昝					
星		星					
映		映					
昡		昡					
昣		昣					
昤		昤					
春		春					
昧		昧					
昨		昨					
昪		昪					
昫		昫					
昭		昭					
是		是					
昱		昱					
昳		昳					
昴		昴					
昵		昵					
昶		昶					
昺		昺					
晁		晁					
時		时					
晃		晃					
晅		晅					
晉	晋	晋			晋		
晊		晊					
晌		晌					
晏		晏					
晐		晐					
晗		晗					
晙		晙					
晚		晚			晩		
晛		𬀪					
晝		昼			昼		
晞		晞					
晟		晟					
晡		晡					
晢		晢					
晤		晤					
晦		晦					
晨		晨					
晪		晪					
晫		晫					
普		普					
景		景					
晰		晰					
晱		晱					
晴		晴					
晶		晶					
晷		晷					
智		智					
晾		晾					
暄		暄					
暇		暇					
暈		晕					
暉		晖					
暌		暌					
暐		𬀩					
暑		暑			暑	暑	
暕		暕					
暖		暖					
暗		暗					
暘		旸					
暝		暝					
暢		畅					
暨		暨			曁		
暫		暂					
暮		暮					
暱		昵					
暲		暲					
暴		暴					
暵		暵					
暶		暶					
暹		暹					
暾		暾					
暿		暿					
曄		晔					
曆		历			暦		
曇		昙					
曈		曈					
曉		晓			暁		
曊		𪰶					
曌		曌					
曏		向					
曖		暧					
曙		曙					
曛		曛					
曜		曜					
曝		曝					
曠		旷					
曥		𣆐					
曦		曦					
曨		昽					
曩		曩					
曬	晒	晒					
曰		曰					
曲		曲					
曳		曳					
更		更					
曷		曷					
書		书					
曹		曹					
曼		曼					
曾		曾			曽		
替		替					
最		最					
會		会			会		
月		月					
有		有					
朋		朋					
服		服					
朏		朏					
朐		朐					
朓		朓					
朔		朔					
朕		朕					
朗		朗			朗	朗	
望		望					
朝		朝					
期		期					
朥		𦛨					
朦		朦					
朧		胧					
木		木					
未		未					
末		末					
本		本					
札		札					
朮		术					
术		术					
朱		朱					
朳		朳					
朴		朴					
朵	朶	朵					
朸		朸					
朽		朽					
杄		杄					
杆		杆					
杈		杈					
杉		杉					
杌		杌					
李		李					
杏		杏					
材		材					
村		村					
杓		杓					
杕		杕					
杖		杖					
杙		杙					
杜		杜					
杞		杞					
束		束					
杠		杠					
杧		杧					
杪		杪					
杭		杭					
杯		杯					
杰		杰					
東		东					
杲		杲					
杳		杳					
杴	𣞘						
杵		杵					
杷		杷					
杻		杻					
杼		杼					
松		松					
板		板					
极		极					
枅		枅					
枇		枇					
枉		枉					
枋		枋					
枍		枍					
析		析					
枕		枕					
林		林					
枘		枘					
枚		枚					
果		果					
枝		枝					
枡					桝		
枯		枯					
枰		枰					
枲		枲					
枳		枳					
枵		枵					
架		架					
枷		枷					
枸		枸					
枹		枹					
柁		柁					
柃		柃					
柄		柄					
柈		柈					
柊		柊					
柏		柏					
某		某					
柑		柑					
柒		柒					
染		染					
柔		柔					
柖		柖					
柘		柘					
柙		柙					
柚		柚					
柜		柜					
柝		柝					
柞		柞					
柢		柢					
查	査	查			査		
柩		柩					
柬		柬					
柯		柯					
柰		柰					
柱		柱					
柳		柳					
柴		柴					
柵	栅	栅					
柷		柷					
柺	枴	拐		枴			
柿		柿					
栐		栐					
栒		栒					
栓		栓					
栖		栖					
栗		栗					
栝		栝					
栟		栟					
校		校					
栩		栩					
株		株					
栲		栲					
栳		栳					
栴		栴					
核		核					
根		根					
栻		栻					
格		格					
栽		栽					
桀		桀					
桁		桁					
桂		桂					
桃		桃					
桄		桄					
桅		桅					
框		框					
案		案					
桉		桉					
桊		桊					
桌		桌					
桎		桎					
桐		桐					
桑		桑					
桓		桓					
桔		桔					
桕		桕					
桫		桫					
桯		桯					
桱		𣐕					
桲		桲					
桴		桴					
桶		桶					
桷		桷					
桹		桹					
桿		杆					
梁		梁					
梃		梃					
梅		梅			梅	梅	
梆		梆					
梌		梌					
梏		梏					
梓		梓					
梔	栀	栀					
梖		𪱷					
梗		梗					
梘		枧					
梜		𬂩					
條		条			条		
梟		枭					
梠		梠					
梢		梢					
梣		梣					
梧		梧					
梨		梨					
梭		梭					
梯		梯					
械		械					
梲	棁	棁		棁			
梳		梳					
梴		梴					
梵		梵					
梽		梽					
棄	弃	弃					
棉		棉					
棋	棊	棋					
棍		棍					
棐		棐					
棒		棒					
棓		棓					
棕		棕					
棖		枨					
棗		枣					
棘		棘					
棚		棚					
棟		栋					
棠		棠					
棡		㭎					
棣		棣					
棤		棤					
棧		栈			桟		
棨		棨					
棪		棪					
棫		棫					
棬		棬					
森		森					
棰		棰					
棱		棱	稜	稜 棱	稜 棱		
棲		栖					
棵		棵					
棶		梾					
棹		棹					
棺		棺					
棻		棻					
棼		棼					
棽		棽					
椀		碗 椀					
椅		椅					
椆		椆					
椋		椋					
植		植					
椎		椎					
椏		丫 桠					
椐		椐					
椑		椑					
椒		椒					
椓		椓					
椪		椪					
椰		椰					
椲		㭏					
椴		椴					
椸		椸					
椹		椹					
椽		椽					
椿		椿					
楂		楂					
楇		𣒌					
楊		杨					
楒		楒					
楓		枫					
楔		楔					
楗		楗					
楙		楙					
楚		楚					
楝		楝					
楞		楞					
楠		楠					
楣		楣					
楦		楦					
楨		桢					
楩		楩					
楪		楪					
楫		楫					
業		业					
楮		楮					
楯		楯					
極		极					
楷		楷					
楸		楸					
楹		楹					
概		概			概	槪	
榃		榃					
榆		榆			楡		
榍		榍					
榑		榑					
榔		榔					
榕		榕					
榖		榖					
榘		矩					
榛		榛					
榜		榜					
榦		干					
榧		榧					
榨		榨					
榪		杩					
榫		榫					
榭		榭					
榮		荣			栄		
榰		榰					
榱		榱					
榲	榅	榅		榅			
榴		榴					
榷		榷					
榻		榻					
榿		桤					
槁		槁					
槃		槃					
槊		槊					
構		构					
槌		槌					
槍		枪					
槎		槎					
槐		槐					
槓		杠					
槔		槔					
槜		槜					
槤		梿					
槧		椠					
槨	椁	椁					
槫		𣏢					
槭		槭					
槮		椮					
槱		槱					
槲		槲					
槳		桨					
槶		椢					
槼		椝					
槽		槽					
槿		槿					
樁		桩					
樂		乐			楽		
樅		枞					
樊		樊					
樑		梁					
樓		楼			楼		
樗		樗					
樘		樘					
標		标					
樞		枢			枢		
樟		樟					
樠		𣗊					
模		模					
樢		㭤					
樣		样			様		
樤		𣔌					
樧		榝					
樨		樨					
樫		㭴					
樳		桪					
樵		樵					
樸		朴					
樹		树					
樺		桦					
樽		樽					
樾		樾					
樿		椫					
橄		橄					
橇		橇					
橈		桡					
橋		桥					
橐		橐					
橑		橑					
橘		橘					
橙		橙					
橛		橛					
橞		橞					
機		机					
橡		橡					
橢		椭					
橦		橦					
橫	横	横			横		
橯		𣓿					
檀		檀					
檁	檩	檩					
檄		檄					
檉		柽					
檎		檎					
檐	簷	檐	簷				
檑		檑					
檔		档					
檗		檗					
檜		桧					
檞		檞					
檟		槚					
檠		檠					
檢		检			検		
檣		樯					
檫		檫					
檬		檬					
檭		𣘴					
檮		梼					
檯		台		枱			
檳		槟					
檵		𪲛					
檸		柠					
檻		槛					
檾	苘 䔛	苘					
櫃		柜					
櫅		𪲎					
櫆		櫆					
櫍		𬃊					
櫓		橹					
櫚		榈					
櫛		栉					
櫝		椟					
櫞		橼					
櫟		栎					
櫠		𪲮					
櫥	橱	橱					
櫧		槠					
櫨		栌					
櫪		枥					
櫫	橥	橥					
櫬		榇					
櫱	蘖	蘖					
櫳		栊					
櫸	欅	榉					
櫻		樱			桜		
欂		欂					
欄		栏			欄	欄	
欇		𪳍					
權		权			権		
欍		𣐤					
欏		椤					
欐		𪲔					
欑		𪴙					
欒		栾					
欓		𣗋					
欖		榄					
欘		𣚚					
欞		棂					
欠		欠					
次		次					
欣		欣					
欲		欲					
欸		欸					
欹		欹					
欺		欺					
欻		欻					
欽		钦					
款		款					
歃		歃					
歅		歅					
歆		歆					
歇		歇					
歉		歉					
歌		歌					
歎		叹					
歐		欧			欧		
歙		歙					
歟		欤					
歡		欢			歓		
止		止					
正		正					
此		此					
步		步			歩		
武		武					
歧		歧					
歪		歪					
歲	嵗 𡻕	岁			歳		
歷		历			歴		
歸		归			帰		
歹		歹					
死		死					
歿	殁	殁					
殂		殂					
殃		殃					
殄		殄					
殆		殆					
殉		殉					
殊		殊					
殍		殍					
殖		殖					
殘		残			残		
殛		殛					
殞		殒					
殢		𣨼					
殣		殣					
殤		殇					
殨		㱮					
殪		殪					
殫		殚					
殭		僵					
殮		殓					
殯		殡					
殰		㱩					
殲		歼					
殳		殳					
段		段					
殷		殷					
殺		杀			殺	殺	
殼	㱿 殻 𣪊	壳			殻		
殿		殿					
毀	毁	毁					
毅		毅					
毆		殴			殴		
毊		𪵑					
毋		毋					
毌		毌					
母		母					
每		每			毎		
毐		毐					
毒		毒					
毓		毓					
比		比					
毖		毖					
毗		毗					
毛		毛					
毪		毪					
毫		毫					
毯		毯					
毳		毳					
毹		毹					
毽		毽					
毿		毵					
氅		氅					
氆		氆					
氈		毡					
氌		氇					
氍		氍					
氏		氏					
氐		氐					
民		民					
氓		氓					
氕		氕					
氖		氖					
氘		氘					
氙		氙					
氚		氚					
氛		氛					
氟		氟					
氡		氡					
氣		气			気		
氤		氤					
氦		氦					
氧		氧					
氨		氨					
氪		氪					
氫		氢					
氬		氩					
氭		𣱝					
氮		氮					
氯		氯					
氰		氰					
氳	氲	氲		氲			
水		水					
永		永					
氾		泛 氾					
氿		氿					
汀		汀					
汁		汁					
求		求					
汆		汆					
汈		汈					
汊		汊					
汋		汋					
汎		泛					
汐		汐					
汔		汔					
汕		汕					
汗		汗					
汛		汛					
汜		汜					
汝		汝					
汞		汞					
江		江					
池		池					
污	汙 汚	污	汙		汚		
汧		汧					
汨		汨					
汩		汩					
汪		汪					
汫		汫					
汭		汭					
汰		汰					
汲		汲					
汴		汴					
汶		汶					
決	决	决					
汽		汽					
汾		汾					
沁		沁					
沂		沂					
沃		沃					
沅		沅					
沆		沆					
沇		沇					
沈		沈					
沉		沉					
沌		沌					
沏		沏					
沐		沐					
沒		没			没		
沓		沓					
沔		沔					
沖	冲	冲					
沘		沘					
沙		沙					
沚		沚					
沛		沛					
没		没					
沫		沫					
沭		沭					
沮		沮					
沱		沱					
河		河					
沸		沸					
油		油					
沺		沺					
治		治					
沼		沼					
沽		沽					
沾		沾					
沿		沿					
況	况	况					
泂		泂					
泃		泃					
泄		泄	洩				
泅		泅					
泇		泇					
泉		泉					
泊		泊					
泌		泌					
泐		泐					
泓		泓					
泔		泔					
法		法					
泖		泖					
泗		泗					
泙		泙					
泚		泚					
泛		泛					
泜		泜					
泠		泠					
泡		泡					
波		波					
泣		泣					
泥		泥					
注		注					
泫		泫					
泮		泮					
泯		泯					
泰		泰					
泱		泱					
泳		泳					
泵		泵					
洄		洄					
洇		洇					
洈		洈					
洋		洋					
洌		洌					
洎		洎					
洑		洑					
洓		洓					
洗		洗					
洘		洘					
洙		洙					
洚		洚					
洛		洛					
洞		洞					
洢		洢					
洣		洣					
津		津					
洧		洧					
洨		洨					
洩		泄					
洪		洪					
洫		洫					
洭		洭					
洮		洮					
洱		洱					
洲		洲					
洳		洳					
洴		洴					
洵		洵					
洶	汹	汹					
洸		洸					
洹		洹					
洺		洺					
活		活					
洽		洽					
派		派					
洿		洿					
流		流					
浙		浙					
浚		浚					
浛		浛					
浜		浜					
浞		浞					
浟		浟					
浠		浠					
浡		浡					
浣		浣					
浥		浥					
浦		浦					
浩		浩					
浪		浪					
浬		浬					
浭		浭					
浮		浮					
浯		浯					
浰		浰					
浲		浲					
浴		浴					
海		海			海	海	
浸		浸					
浹		浃					
浼		浼					
浿		𬇙					
涂		涂					
涄		涄					
涅		涅					
涇		泾					
消		消					
涉		涉			渉		
涌		涌					
涍		涍					
涎		涎					
涐		涐					
涑		涑					
涓		涓					
涔		涔					
涕		涕					
涗		涚		涚			
涘		涘					
涣		涣					
涪		涪					
涫		涫					
涮		涮					
涯		涯					
液		液					
涴		涴					
涵		涵					
涸		涸					
涼	凉	凉					
涿		涿					
淀		淀					
淄		淄					
淅		淅					
淆		淆					
淇		淇					
淋		淋					
淌		淌					
淏		淏					
淑		淑					
淒	凄	凄					
淖		淖					
淘		淘					
淙		淙					
淚	涙 泪	泪			涙		
淜		淜					
淝		淝					
淞		淞					
淟		淟					
淠		淠					
淡		淡					
淤		淤					
淥	渌	渌					
淦		淦					
淨	凈	净			浄		
淩		凌					
淪		沦					
淫		淫					
淬		淬					
淮		淮					
淯		淯					
深		深					
淳		淳					
淴		淴					
淵		渊					
淶		涞					
混		混					
淹		淹					
淺		浅			浅		
添		添					
淼		淼 渺					
清		清					
渙		涣					
渚		渚					
減	减	减					
渝		渝					
渟		渟					
渠		渠					
渡		渡					
渢		沨					
渣		渣					
渤		渤					
渥		渥					
渦		涡					
渫		渫					
測		测					
渭		渭					
港		港					
渰		渰					
渲		渲					
渴		渴			渇		
游		游					
渺		渺					
渼		渼					
渾		浑					
湃		湃					
湄		湄					
湉		湉					
湊	凑	凑					
湋		𣲗					
湍		湍					
湎		湎					
湑		湑					
湓		湓					
湔		湔					
湖		湖					
湘		湘					
湛		湛					
湜		湜					
湝		湝					
湞		浈					
湟		湟					
湣		湣					
湧		涌					
湫		湫					
湮		湮					
湯		汤					
湲		湲					
湴		湴					
溉		溉					
溍		溍					
溏		溏					
源		源					
準		准					
溘		溘					
溚		溚					
溜		溜					
溝		沟					
溞		溞					
溟		溟					
溠		溠					
溡		𪶄					
溢		溢					
溥		溥					
溦		溦					
溧		溧					
溪		溪			渓		
溫	温	温		温	温		
溮		浉					
溯	泝 遡	溯					
溱		溱					
溲		溲					
溳		涢					
溴		溴					
溵		溵					
溶		溶					
溷		溷					
溹		溹					
溺		溺					
溻		溻					
溼	濕	湿		濕	湿	濕	
溽		溽					
滁		滁					
滂		滂					
滃		滃					
滄		沧					
滅		灭					
滆		滆					
滇		滇					
滉		滉					
滋		滋					
滌		涤					
滍		滍					
滎		荥					
滏		滏					
滑		滑					
滓		滓					
滔		滔					
滕		滕					
滘		滘					
滧		滧					
滫		滫					
滬		沪					
滯		滞			滞		
滲		渗					
滴		滴					
滷		卤					
滸		浒					
滹		滹					
滻		浐					
滾	滚	滚					
滿		满			満		
漁		渔					
漂		漂					
漆		漆					
漈		漈					
漉		漉					
漊		溇					
漋		漋					
漍		𬇹					
漏		漏					
漓		漓					
演		演					
漕		漕					
漖		漖					
漚		沤					
漠		漠					
漢		汉			漢	漢	
漣		涟					
漤		漤					
漦		漦					
漩		漩					
漪		漪					
漫		漫					
漬		渍					
漭		漭					
漯		漯					
漱		漱					
漲		涨					
漳		漳					
漴		漴					
漵	溆	溆					
漶		漶					
漷		漷					
漸		渐					
漹		漹					
漻		漻					
漼		漼					
漾		漾					
漿		浆					
潁		颍					
潏		潏					
潑		泼			溌		
潔		洁					
潕		𣲘					
潖		潖					
潘		潘					
潙	溈	沩	溈	溈			
潚		㴋					
潛	潜	潜			潜		
潞		潞					
潟		潟					
潢		潢					
潣		𫞗					
潤		润					
潦		潦					
潨			潀	潀			
潩		潩					
潭		潭					
潮		潮					
潯		浔					
潰		溃					
潲		潲					
潵		潵					
潷		滗					
潸		潸					
潺		潺					
潼		潼					
潽		潽					
潾		潾					
潿		涠					
澀	澁	涩			渋	澁	
澂		澂 澄					
澄		澄					
澅		𣶩					
澆		浇					
澇		涝					
澈		澈					
澉		澉					
澌		澌					
澍		澍					
澎		澎					
澐		沄					
澗		涧					
澠		渑					
澡		澡					
澤		泽			沢		
澥		澥					
澦		滪					
澧		澧					
澩		泶					
澪		澪					
澫		𬇕					
澬		𫞚					
澭		澭					
澮		浍					
澱		淀					
澳		澳					
澴		澴					
澶		澶					
澹		澹					
澼		澼					
澽		澽					
澾		㳠					
激		激					
濁		浊					
濂		濂					
濃		浓					
濄		㳡					
濆		𣸣					
濉		濉					
濋		濋					
濘		泞					
濚		溁					
濛		蒙					
濜		浕					
濞		濞					
濟		济			済		
濠		濠					
濡		濡					
濤		涛			涛		
濧		㳔					
濩		濩					
濫		滥					
濮		濮					
濯		濯					
濰		潍					
濱		滨			浜		
濺		溅					
濼		泺					
濾		滤			沪		
濿		𪵱					
瀂		澛					
瀃		𣽷					
瀅		滢					
瀆		渎					
瀇		㲿					
瀉		泻					
瀋		沈 渖					
瀌		瀌					
瀍		瀍					
瀏		浏					
瀑		瀑					
瀔		瀔					
瀕		濒					
瀘		泸					
瀚		瀚					
瀛		瀛					
瀝		沥					
瀟		潇					
瀠		潆					
瀣		瀣					
瀦	潴	潴					
瀧		泷			滝		
瀨		濑			瀬		
瀰		弥 㳽					
瀱		瀱					
瀲		潋					
瀵		瀵					
瀹		瀹					
瀼		瀼					
瀾		澜					
灃		沣					
灄		滠					
灈		灈					
灌		灌					
灍		𫞝					
灑		洒					
灒		𪷽					
灕		漓					
灘		滩					
灙		𣺼					
灝		灏					
灞		灞					
灡		㳕					
灣		湾			湾		
灤		滦					
灧		滟					
灩	灎	滟					
火		火					
灰		灰					
灸		灸					
灼		灼					
災	灾	灾					
炅		炅					
炆		炆					
炊		炊					
炌		炌					
炎		炎					
炒		炒					
炔		炔					
炕		炕					
炖		炖					
炘		炘					
炙		炙					
炟		炟					
炣		炣					
炫		炫					
炬		炬					
炭		炭					
炮		炮					
炯		炯					
炱		炱					
炳		炳					
炷		炷					
炸		炸					
炻		炻					
烀		烀					
烈		烈					
烊		烊					
烏		乌					
烔		烔					
烘		烘					
烙		烙					
烜		烜					
烝		烝					
烠		烠					
烤		烤					
烯		烯					
烴		烃					
烶		烶					
烷		烷					
烹		烹					
烺		烺					
烻		烻					
烽		烽					
焆		焆					
焉		焉					
焊		焊					
焌		焌					
焐		焐					
焓		焓					
焗		焗					
焙		焙					
焚		焚					
焜		焜					
焞		焞					
無		无					
焦		焦					
焯		焯					
焰		焰			焔		
焱		焱					
然		然					
煁		煁					
煃		煃					
煅		煅					
煇		𪸩					
煉		炼					
煊		煊					
煋		煋					
煌		煌					
煎		煎					
煒		炜					
煓		煓					
煙	烟	烟					
煜		煜					
煞		煞					
煟		煟					
煢		茕					
煤		煤					
煥		焕					
煦		煦					
照		照					
煨		煨					
煩		烦					
煬		炀					
煮		煮			煮	煮	
煱		㶽					
煲		煲					
煳		煳					
煸		煸					
煺		煺					
煽		煽					
熂		𪸕					
熄		熄					
熅	煴	煴		煴			
熇		熇					
熉		𤈶					
熊		熊					
熌		𤇄					
熏		熏					
熒		荧					
熓		𤆡					
熔		熔					
熗		炝					
熘		熘					
熙		熙					
熚		𤇹					
熛		熛					
熜		熜					
熟		熟					
熠		熠					
熡		𤋏					
熥		熥					
熨		熨					
熬		熬					
熰		𬉼					
熱		热					
熲		颎					
熵		熵					
熹		熹					
熻		熻					
熾		炽					
燀		𬊤					
燁		烨					
燃		燃					
燈		灯			灯		
燉		炖					
燊		燊					
燋		燋					
燎		燎					
燏		燏					
燒		烧			焼		
燔		燔					
燕		燕					
燖		𬊈					
燙		烫					
燚		燚					
燜		焖					
營		营			営		
燠		燠					
燥		燥					
燦		灿					
燧		燧					
燬		毁					
燭		烛					
燮		燮					
燴		烩					
燶		㶶					
燹		燹					
燻		熏					
燼		烬					
燾		焘					
爃		𫞡					
爄		𤇃					
爆		爆					
爇		𦶟 爇					
爍		烁					
爐		炉			炉		
爔		爔					
爖		𤇭					
爚		爚					
爛		烂					
爝		爝					
爟		爟					
爥		𪹳					
爧		𫞠					
爨		爨					
爪		爪					
爬		爬					
爭	争	争			争		
爰		爰					
爲	為	为	為	為	為		
爵		爵					
父		父					
爸		爸					
爹		爹					
爺		爷					
爻		爻					
爽		爽					
爾		尔					
爿		爿					
牀	床	床	床		床		
牁		牁					
牂		牂					
牆	墻	墙					
片		片					
版		版					
牌		牌					
牒		牒					
牖		牖					
牘		牍					
牙		牙					
牚		牚					
牛		牛					
牝		牝					
牟		牟					
牠		它					
牡		牡					
牢		牢					
牤		牤					
牥		牥					
牧		牧					
物		物					
牮		牮					
牯		牯					
牲		牲					
牴		牴 抵					
特		特					
牻		牻					
牽		牵					
牾		牾					
牿		牿					
犀		犀					
犁		犁					
犄		犄					
犇		犇 奔					
犋		犋					
犍		犍					
犏		犏					
犒		犒					
犖		荦					
犛	氂 牦	牦					
犞		𪺭					
犟		犟					
犢		犊					
犧		牺			犠		
犨		犨					
犬		犬					
犯		犯					
犰		犰					
犴		犴					
狀		状			状		
狁		狁					
狂		狂					
狃		狃					
狄		狄					
狉		狉					
狍		狍					
狎		狎					
狐		狐					
狒		狒					
狗		狗					
狙		狙					
狠		狠					
狡		狡					
狨		狨					
狩		狩					
狳		狳					
狴		狴					
狷		狷					
狸		狸					
狹		狭			狭		
狺		狺					
狻		狻					
狼		狼					
狽		狈					
猁		猁					
猄		猄					
猇		猇					
猊		猊					
猌		𪺽					
猖		猖					
猗		猗					
猙	狰	狰					
猛		猛					
猜		猜					
猝		猝					
猞		猞					
猢		猢					
猥		猥					
猩		猩					
猯		猯					
猰		猰					
猱		猱					
猴		猴					
猶		犹					
猷		猷					
猹		猹					
猺		猺					
猻		狲					
猾		猾					
猿		猿					
獁		犸					
獄		狱					
獅		狮					
獊		𪺷					
獍		獍					
獎	奬 𤟌 㢡	奖			奨	奬	
獐		獐					
獒		獒					
獗		獗					
獠		獠					
獨		独			独		
獩		𤞃					
獪		狯					
獫		猃					
獬		獬					
獮		狝					
獯		獯					
獰		狞					
獱		㺍					
獲		获					
獴		獴					
獵		猎			猟		
獷		犷					
獸		兽			獣		
獺		獭					
獻		献			献		
獼		猕					
獾		獾					
玀		猡					
玁		𤞤					
玃		玃					
玄		玄					
率		率					
玉		玉					
王		王					
玎		玎					
玒		玒					
玓		玓					
玕		玕					
玖		玖					
玘		玘					
玞		玞					
玟		玟					
玠		玠					
玡		玡					
玢		玢					
玤		玤					
玥		玥					
玦		玦					
玩		玩					
玫		玫					
玭		玭					
玲		玲					
玳		玳					
玶		玶					
玷		玷					
玹		玹					
玻		玻					
玼		玼					
玿		玿					
珀		珀					
珂		珂					
珅		珅					
珇		珇					
珈		珈					
珉		珉					
珊		珊					
珋		珋					
珌		珌					
珍		珍					
珏		珏					
珒		珒					
珕		珕					
珖		珖					
珙		珙					
珛		珛					
珝		珝					
珞		珞					
珠		珠					
珢		珢					
珣		珣					
珥		珥					
珦		珦					
珧		珧					
珩		珩					
珪		珪					
珫		珫					
班		班					
珵		珵					
珷		珷					
珸		珸					
珹		珹					
珺		珺					
珼		𫞥					
珽		珽					
現		现					
琀		琀					
球		球					
琄		琄					
琅		琅					
理		理					
琇		琇					
琈		琈					
琉		琉					
琊		琊					
琔		琔					
琚		琚					
琛		琛					
琟		琟					
琡		琡					
琢		琢					
琤		琤					
琥		琥					
琦		琦					
琨		琨					
琪		琪					
琫		琫					
琬		琬					
琭		琭					
琮		琮					
琯		琯					
琰		琰					
琱		雕					
琲		琲					
琳		琳					
琴		琴					
琵		琵					
琶		琶					
琺	珐	珐					
琿		珲					
瑀		瑀					
瑁		瑁					
瑂		瑂					
瑃		瑃					
瑄		瑄					
瑅		瑅					
瑆		瑆					
瑋		玮					
瑑		瑑					
瑒		玚					
瑓		瑓					
瑔		瑔					
瑕		瑕					
瑖		瑖					
瑗		瑗					
瑙		瑙					
瑚		瑚					
瑛		瑛					
瑜		瑜					
瑝		瑝					
瑞		瑞					
瑟		瑟					
瑢		瑢					
瑣		琐					
瑤	瑶	瑶					
瑧		瑧					
瑨		瑨					
瑩		莹					
瑪		玛					
瑬		瑬					
瑭		瑭					
瑰		瑰					
瑱		瑱					
瑲		玱					
瑳		瑳					
瑻		𪻲					
瑽		𪻐					
瑾		瑾					
璀		璀					
璁		璁					
璃		璃					
璆		璆					
璇		璇					
璈		璈					
璉		琏					
璊		𫞩					
璋		璋					
璐		璐					
璒		璒					
璕		𬍤					
璗		𬍡					
璘		璘					
璜		璜					
璝		𪻺					
璞		璞					
璟		璟					
璠		璠					
璡		琎					
璣		玑					
璥		璥					
璦		瑷					
璧		璧					
璨		璨					
璩		璩					
璪		璪					
璫		珰					
璬		璬					
璮		璮					
璯		㻅					
環		环					
璱		璱					
璲		璲					
璵		玙					
璸		瑸					
璺		璺					
璼		𫞨					
璽		玺					
璾		𫞦					
璿		璇					
瓀		瓀					
瓄		𪻨					
瓅		𬍛					
瓊		琼					
瓏		珑					
瓔		璎					
瓕		𤦀					
瓖		瓖					
瓘		瓘					
瓚		瓒					
瓛		𤩽					
瓜		瓜					
瓞		瓞					
瓠		瓠					
瓢		瓢					
瓣		瓣			弁		
瓤		瓤					
瓦		瓦					
瓴		瓴					
瓶		瓶			瓶	甁	
瓷		瓷					
瓻		瓻					
瓿		瓿					
甄		甄					
甌		瓯					
甍		甍					
甏		甏					
甑		甑					
甓		甓					
甕	瓮	瓮					
甗		甗					
甘		甘					
甚		甚					
甜		甜					
生		生					
甡		甡					
產	産	产			産		
甥		甥					
甦		苏 甦					
用		用					
甩		甩					
甪		甪					
甫		甫					
甬		甬					
甭		甭					
甯		宁 甯					
田		田					
由		由					
甲		甲					
申		申					
男		男					
甸		甸					
町		町					
甾		甾					
畀		畀					
畈		畈					
畋		畋					
界		界					
畎		畎					
畏		畏					
畔		畔					
畖		畖					
留		留					
畚		畚					
畛		畛					
畜		畜					
畝		亩					
畢		毕					
畤		畤					
略		略					
畦		畦					
番		番					
畫	畵 𤱪 𨽶 𤲯	画			画		
畬		畬					
畯		畯					
異		异					
畲		畲					
當		当			当		
畸		畸					
畹		畹					
畼		𪽈					
畿		畿					
疁		疁					
疃		疃					
疆		疆					
疇		畴					
疊	叠	叠			畳		
疍		疍					
疏	疎	疏			疎 疏		
疐		疐					
疑		疑					
疔		疔					
疙		疙					
疚		疚					
疝		疝					
疢		疢					
疣		疣					
疤		疤					
疥		疥					
疫		疫					
疰		疰					
疱		疱					
疲		疲					
疳		疳					
疵		疵					
疸		疸					
疹		疹					
疼		疼					
疽		疽					
疾		疾					
痂		痂					
痃		痃					
痄		痄					
病		病					
症		症					
痊		痊					
痍		痍					
痓		痓					
痔		痔					
痕		痕					
痘		痘					
痙		痉					
痛		痛					
痞		痞					
痠		酸					
痢		痢					
痣		痣					
痤		痤					
痦		痦					
痧		痧					
痮		𪽪					
痰		痰					
痱		痱					
痹	痺	痹	痺	痺	痺		
痼		痼					
痾	疴	疴					
痿		痿					
瘀		瘀					
瘁		瘁					
瘂		痖					
瘃		瘃					
瘊		瘊					
瘋		疯					
瘌		瘌					
瘍		疡					
瘐		瘐					
瘓		痪					
瘕		瘕					
瘙		瘙					
瘛		瘛					
瘞		瘗					
瘟		瘟					
瘠		瘠					
瘡		疮					
瘢		瘢					
瘤		瘤					
瘥		瘥					
瘦		瘦			痩		
瘧		疟					
瘩		瘩					
瘭		瘭					
瘮		瘆					
瘰		瘰					
瘱		𪽷					
瘲		疭					
瘳		瘳					
瘴		瘴					
瘵		瘵					
瘸		瘸					
瘻	瘺	瘘					
瘼		瘼					
癀		癀					
療		疗					
癃		癃					
癆		痨					
癇		痫					
癉		瘅					
癌		癌					
癍		癍					
癐		𤶊					
癒		愈					
癔		癔					
癖		癖					
癗		癗					
癘		疠					
癜		癜					
癟		瘪					
癡	痴	痴	痴	痴	痴		
癢		痒					
癤		疖					
癥		症					
癧		疬					
癩		癞					
癬		癣					
癭		瘿					
癮		瘾					
癯		癯					
癰		痈					
癱		瘫					
癲		癫					
癸		癸					
登		登					
發		发			発		
白		白					
百		百					
癿		癿					
皁		皂	皂	皂			
皂		皂					
的		的					
皆		皆					
皇		皇					
皈		皈					
皋		皋			皐		
皎		皎					
皓		皓					
皕		皕					
皖		皖					
皙		皙					
皚		皑					
皛		皛					
皞		皞					
皟		𤾀					
皤		皤					
皦		皦					
皭		皭					
皮		皮					
皰		疱					
皴		皴					
皸		皲					
皺		皱					
皿		皿					
盂		盂					
盃		杯					
盅		盅					
盆		盆					
盈		盈					
盉		盉					
益		益					
盍		盍					
盎		盎					
盒		盒					
盔		盔					
盛		盛					
盜	盗	盗			盗		
盞		盏					
盟		盟					
盡		尽			尽		
監		监					
盤		盘					
盥		盥					
盦		盦					
盧		卢					
盨		𪾔					
盪		荡					
目		目					
盯		盯					
盱		盱					
盲		盲					
直		直					
盷		盷					
相		相					
盹		盹					
盼		盼					
盾		盾					
省		省					
眄		眄					
眇		眇					
眈		眈					
眉		眉					
眊		眊					
看		看					
眙		眙					
眚		眚					
眝		𪾣					
真	眞	真			真	眞	
眠		眠					
眢		眢					
眥	眦	眦					
眨		眨					
眩		眩					
眭		眭					
眯		眯					
眵		眵					
眶		眶					
眷		眷					
眸		眸					
眺		眺					
眼		眼					
着		着	著				
睃		睃					
睄		睄					
睇		睇					
睍		𪾢					
睎		睎					
睏		困					
睚		睚					
睛		睛					
睜	睁	睁					
睞		睐					
睡		睡					
睢		睢					
督		督					
睥		睥					
睦		睦					
睨		睨					
睫		睫					
睬		睬					
睹		睹					
睽		睽					
睾		睾	睪				
睿		睿					
瞀		瞀					
瞄		瞄					
瞅		瞅					
瞋		瞋					
瞌		瞌					
瞍		瞍					
瞎		瞎					
瞑		瞑					
瞘		眍					
瞜		䁖					
瞞		瞒					
瞟		瞟					
瞠		瞠					
瞢		瞢					
瞤		𥆧					
瞥		瞥					
瞧		瞧					
瞪		瞪					
瞫		瞫					
瞬		瞬					
瞭		瞭 了					
瞰		瞰					
瞳		瞳					
瞵		瞵					
瞶		瞆					
瞻		瞻					
瞼		睑					
瞽		瞽					
瞿		瞿					
矇		蒙					
矉		𪾸					
矍		矍					
矑		𪾦					
矓		眬					
矗		矗					
矚		瞩					
矛		矛					
矜		矜					
矞		矞					
矢		矢					
矣		矣					
知		知					
矧		矧					
矩		矩					
矬		矬					
短		短					
矮		矮					
矯		矫					
矰		矰					
石		石					
矸		矸					
矻		矻					
矼		矼					
砂		砂					
砄		砄					
砆		砆					
砉		砉					
砌		砌					
砍		砍					
砑		砑					
砒		砒					
研		研			研	硏	
砘		砘					
砝		砝					
砟		砟					
砠		砠					
砣		砣					
砥		砥					
砧		砧					
砫		砫					
砬		砬					
砭		砭					
砮		砮					
砰		砰					
破		破					
砵		砵					
砷		砷					
砸		砸					
砹		砹					
砼		砼					
硃		朱					
硅		硅					
硇		硇					
硊		硊					
硌		硌					
硍		硍					
硎		硎					
硐		硐					
硒		硒					
硔		硔					
硜		硁					
硝		硝					
硤		硖					
硨		砗					
硪		硪					
硫		硫					
硬		硬					
硭		硭					
确		确					
硯		砚					
硼		硼					
硿		硿					
碃		碃					
碇		碇					
碈		碈					
碉		碉					
碌		碌					
碎		碎			砕		
碏		碏					
碑		碑			碑	碑	
碓		碓					
碗		碗					
碘		碘					
碙		𥐻					
碚		碚					
碟		碟					
碡		碡					
碣		碣					
碥		碥					
碧		碧					
碨		碨					
碩		硕					
碭		砀					
碰		碰					
碲		碲					
碳		碳					
碴		碴					
碶		碶					
碸		砜					
碹		碹					
確		确					
碼		码					
碽		䂵					
碾		碾					
磁		磁					
磅		磅					
磉		磉					
磊		磊					
磋		磋					
磏		磏					
磐		磐					
磑		硙					
磔		磔					
磕		磕					
磙		磙					
磚		砖					
磜		磜					
磠		硵					
磡		磡					
磣		碜					
磧		碛					
磨		磨					
磬		磬					
磯		矶					
磲		磲					
磴		磴					
磷		磷					
磹		磹					
磻		磻					
磽		硗					
磾		䃅					
礁		礁					
礄		硚					
礅		礅					
礆		硷					
礌		礌					
礎		础					
礐		𬒈					
礒		𥐟					
礓		礓					
礙		碍					
礞		礞					
礦		矿					
礪		砺					
礫		砾					
礬		矾					
礮		𪿫 炮					
礱		砻					
礴		礴					
礵		礵					
示		示					
社		社			社	社	
祀		祀					
祁		祁					
祆		祆					
祇		祇 只					
祈		祈			祈	祈	
祉		祉			祉	祉	
祊		祊					
祋		祋					
祏		祏					
祐		佑 祐					
祓		祓					
祕		秘 祕	秘	秘	秘		
祖		祖			祖	祖	
祗		祗					
祚		祚					
祛		祛					
祜		祜					
祝		祝			祝	祝	
神		神			神	神	
祟		祟					
祠		祠					
祥		祥			祥	祥	
祧		祧					
票		票					
祭		祭					
祲		祲					
祺		祺					
祼		祼					
祾		祾					
祿	禄	禄			禄		
禁		禁					
禊		禊					
禋		禋					
禍		祸			禍	禍	
禎		祯					
福		福			福	福	
禒		禒					
禔		禔					
禕		祎					
禘		禘					
禚		禚					
禛		禛					
禡		祃					
禤		禤					
禦		御			御		
禧		禧					
禪		禅			禅		
禮		礼			礼		
禰		祢					
禱		祷			祷		
禳		禳					
禹		禹					
禺		禺					
禽		禽					
禾		禾					
禿	秃	秃					
秀		秀					
私		私					
秈	籼	籼					
秉		秉					
秋	龝 秌	秋					
种		种					
科		科					
秒		秒					
秕		秕					
秘		秘					
租		租					
秣		秣					
秤		秤					
秦		秦					
秧		秧					
秩		秩					
秫		秫					
秬		秬					
秭		秭					
秸		秸					
移		移					
稀		稀					
稂		稂					
稃		稃					
稅	税	税		税	税		
稈	秆	秆					
程		程					
稌		稌					
稍		稍					
稏		䅉					
稑		稑					
稔		稔					
稗		稗					
稙		稙					
稚		稚					
稜		棱					
稞		稞					
稟	禀	禀					
稠		稠					
種		种					
稱		称			称		
稷		稷					
稹		稹					
稻		稻			稲		
稼		稼					
稽		稽					
稿		稿					
穀		谷			穀	穀	
穄		穄					
穆		穆					
穇		䅟					
穌		稣					
積		积					
穎		颖			頴		
穗		穗			穂		
穙		穙					
穜		穜					
穟		穟					
穠		秾					
穡		穑					
穢		秽					
穩		稳			穏		
穫		获					
穭	稆	穞 稆					
穰		穰			穣		
穴		穴					
究		究					
穸		穸					
穹		穹					
空		空					
穿		穿					
窀		窀					
突		突			突	突	
窄		窄					
窅		窅					
窈		窈					
窊		窊					
窒		窒					
窕		窕					
窖		窖					
窗		窗					
窘		窘					
窟		窟					
窠		窠					
窣		窣					
窨		窨					
窩		窝					
窪		洼					
窬		窬					
窮		穷					
窯	窑	窑					
窳		窳					
窵		窎					
窶		窭					
窸		窸					
窺		窥					
窿		窿					
竄		窜					
竅		窍					
竇		窦					
竈	灶	灶	灶	灶	竃		
竊		窃			窃		
立		立					
竑		竑					
竘		竘					
站		站					
竚		𥩟					
竟		竟					
章		章					
竣		竣					
童		童					
竦		竦					
竫		竫					
竭		竭					
端		端					
竱		𫁟					
競		竞					
竹		竹					
竺		竺					
竽		竽					
竿		竿					
笄		笄					
笆		笆					
笈		笈					
笊		笊					
笏		笏					
笑		笑					
笙		笙					
笛		笛					
笞		笞					
笠		笠					
笤		笤					
笥		笥					
符		符					
笨		笨					
笪		笪					
笫		笫					
第		第					
笮		笮					
笯		笯					
笱		笱					
笳		笳					
笸		笸					
筀		筀					
筅		筅					
筆		笔					
筇		筇					
等		等					
筋		筋					
筌		筌					
筍	笋	笋					
筏		筏					
筐		筐					
筑		筑					
筒		筒					
答		答					
策		策					
筘		筘					
筠		筠					
筢		筢					
筤		筤					
筥		筥					
筦		筦 管					
筧		笕					
筮		筮					
筱		筱					
筲		筲					
筴		䇲 策					
筵		筵					
筶		筶					
筷		筷					
筻		筻					
箅		箅					
箇		个					
箋		笺					
箍		箍					
箏	筝	筝					
箐		箐					
箔		箔					
箕		箕					
箖		箖					
算		算					
箜		箜					
管		管					
箢		箢					
箬		箬					
箭		箭					
箱		箱					
箴		箴					
箸		箸					
節		节			節	節	
篁		篁					
範		范					
篆		篆					
篇		篇					
築		筑					
篋		箧					
篌		篌					
篔		筼					
篘		𥬠					
篙		篙					
篚		篚					
篝		篝					
篠		筿					
篡		篡					
篢		𬕂					
篤		笃					
篥		篥					
篦		篦					
篩		筛					
篪		篪					
篱		篱					
篳		筚					
篷		篷					
篸		𥮾					
篼		篼					
篾		篾					
簀		箦					
簂		𫂆					
簃		簃					
簇		簇					
簉		簉					
簋		簋					
簌		簌					
簍		篓					
簏		簏					
簑		蓑					
簕		簕					
簝		簝					
簞		箪					
簟		簟					
簠		簠					
簡		简					
簢		𫂃					
簣		篑					
簧		簧					
簪		簪					
簫		箫					
簰		簰					
簸		簸					
簹		筜					
簽		签					
簾		帘					
簿		簿					
籀		籀					
籃		篮					
籅		𥫣					
籋		𥬞					
籌		筹					
籍		籍					
籔		䉤					
籙		箓					
籛		篯					
籜		箨					
籟		籁					
籠		笼					
籤		签					
籥		籥					
籩		笾					
籪		簖					
籬		篱					
籮		箩					
籲		吁					
米		米					
籽		籽					
粉		粉					
粑		粑					
粒		粒					
粕		粕					
粗		粗					
粘		粘					
粞		粞					
粟		粟					
粢		粢					
粥		粥					
粱		粱					
粲		粲					
粳		粳					
粵	粤	粤					
粹		粹			粋		
粼		粼					
精		精					
粿		粿					
糅		糅					
糇		糇					
糈		糈					
糉	糭 粽	粽	粽	粽	粽		
糊		糊					
糌		糌					
糒		糒					
糕		糕					
糖		糖					
糗		糗					
糙		糙					
糜		糜					
糝		糁					
糞		粪					
糟		糟					
糠		糠					
糧		粮					
糨		糨					
糯		糯					
糰		团					
糲		粝					
糴		籴					
糵		糵					
糶		粜					
糹		纟					
糺		𫄙					
系		系					
糾		纠					
紀		纪					
紂		纣					
紃		𬘓					
約		约					
紅		红					
紆		纡					
紇		纥					
紈		纨					
紉		纫					
紊		紊					
紋		纹					
納		纳					
紐		纽					
紓		纾					
純		纯					
紕		纰					
紖		纼					
紗		纱					
紘		纮					
紙		纸					
級		级					
紛		纷					
紜		纭					
紝		纴					
紞		𬘘					
紟		𫄛					
素		素					
紡		纺					
索		索					
紫		紫					
紬		䌷					
紮		扎					
累		累					
細		细					
紱		绂					
紲		绁					
紳		绅					
紵		纻					
紹		绍					
紺		绀					
紼		绋					
紿		绐					
絀		绌					
絁		𫄟					
終		终					
絃		弦					
組		组					
絅		䌹					
絆		绊					
絍		𫟃					
絎		绗					
結		结					
絕	絶 𢇍 𠤉	绝			絶		
絙		𫄠					
絛	縧	绦					
絜		絜 洁					
絝		绔					
絞		绞					
絡		络					
絢		绚					
絥		𫄢					
給		给					
絧		𫄡					
絨		绒					
絪		𬘡					
絮		絮					
絰		绖					
統		统					
絲		丝			糸		
絳		绛					
絹		绢					
絺		𫄨					
綀		𦈌					
綁		绑					
綃		绡					
綄		𬘫					
綆		绠					
綇		𦈋					
綈		绨					
綋		𫟄					
綌		绤					
綎		𬘩					
綏		绥					
綐		䌼					
綑		捆					
經		经			経		
綖		𫄧					
綜		综					
綝		𬘭					
綞		缍					
綟		𫄫					
綠	緑	绿			緑		
綡		𫟅					
綢		绸					
綣		绻					
綦		綦					
綧		𬘯					
綪		𬘬					
綬		绶					
維		维					
綮		綮					
綯		绹					
綰		绾					
綱		纲					
網		网					
綳		绷					
綴		缀					
綵		彩 䌽					
綸		纶					
綹		绺					
綺		绮					
綻		绽					
綽		绰					
綾		绫					
綿		绵					
緄		绲					
緇		缁					
緊		紧					
緋		绯					
緍		𦈏					
緒		绪					
緓		绬					
緔		绱					
緖					緒		
緗		缃					
緘		缄					
緙		缂					
線	綫	线 缐					
緝		缉					
緞		缎					
緟		𫟆					
締		缔					
緡		缗					
緣		缘			縁		
緤		𫄬					
緦		缌					
編		编					
緩		缓					
緪		縆					
緬		缅					
緮		𫄭					
緯		纬					
緰		𦈕					
緱		缑					
緲		缈					
練		练			練	練	
緶		缏					
緷		𦈉					
緸		𦈑					
緹		缇					
緻		致					
縈		萦					
縉		缙					
縊		缢					
縋		缒					
縍		𫄰					
縎		𦈔					
縐		绉					
縑		缣					
縕	緼	缊		緼			
縗		缞					
縛		缚					
縝		缜					
縞		缟					
縟		缛					
縠		縠					
縢		縢					
縣		县			県		
縫		缝					
縬		𦈚					
縭		缡					
縮		缩					
縯		𬙂					
縰		𫄳					
縱		纵			縦		
縲		缧					
縳		䌸					
縴		纤					
縵		缦					
縶		絷					
縷		缕					
縸		𫄲					
縹		缥					
縺		𦈐					
縻		縻					
總		总			総		
績		绩					
繁		繁			繁	繁	
繂		𫄴					
繃		绷					
繄		繄					
繅		缫					
繆		缪					
繇		繇					
繈		𫄶					
繏		𦈝					
繐		𰬸 穗					
繒		缯					
繓		𦈛					
織		织					
繕		缮					
繚		缭					
繞		绕					
繟		𦈎					
繡	綉	绣			繍		
繢		缋					
繨		𫄤					
繩		绳			縄		
繪		绘			絵		
繫		系			繋		
繬		𫄱					
繭		茧					
繮	韁	缰	韁				
繯		缳					
繰		缲					
繳		缴					
繶		𫄷					
繷		𫄣					
繸		䍁					
繹		绎					
繻		𦈡					
繼		继			継		
繽		缤					
繾		缱					
繿		䍀					
纁		𫄸					
纂		纂					
纆		𬙊					
纇		颣					
纈		缬					
纊		纩					
續		续			続		
纍		累					
纏		缠					
纓		缨					
纔		才	才	才	才		
纕		𬙋					
纖		纤			繊		
纗		𫄹					
纘		缵					
纚		𫄥					
纛		纛					
纜		缆					
缶		缶					
缸		缸					
缺		缺			欠		
罃		䓨					
罄		罄					
罅		罅					
罈	墰 罎 壜	坛					
罌		罂					
罍		罍					
罐		罐			缶		
罔		罔					
罕		罕					
罘		罘					
罟		罟					
罡		罡					
罨		罨					
罩		罩					
罪		罪					
置		置					
罰		罚					
罱		罱					
署		署			署	署	
罵	駡	骂					
罶		罶					
罷		罢					
罹		罹					
罽		罽					
罾		罾					
羅		罗					
羆		罴					
羈		羁					
羊		羊					
羋	芈	芈					
羌		羌					
美		美					
羑		羑					
羓		羓					
羔		羔					
羕		羕					
羖		羖					
羚		羚					
羝		羝					
羞		羞					
羣	群	群	群		群		
羥		羟					
羧		羧					
羨	羡	羡					
義		义					
羯		羯					
羰		羰					
羱		羱					
羲		羲					
羵		𫅗					
羶	羴	膻					
羸		羸					
羹		羹					
羼		羼					
羽		羽					
羿		羿					
翀		翀					
翁		翁					
翂		翂					
翃		翃					
翅		翅					
翈		翈					
翊		翊					
翌		翌					
翎		翎					
習		习					
翔		翔					
翕		翕					
翛		翛					
翟		翟					
翠		翠					
翡		翡					
翥		翥					
翦		翦					
翩		翩					
翫		玩					
翬		翚					
翮		翮					
翯		翯					
翰		翰					
翱		翱					
翳		翳					
翷		翷					
翹		翘					
翻		翻			翻	飜	
翼		翼					
翽		翙					
翾		翾					
耀		耀					
老		老					
考	攷	考					
耄		耄					
者		者			者	者	
耆		耆					
耇		耇					
耋		耋					
而		而					
耍		耍					
耏		耏					
耐		耐					
耑		耑 专					
耒		耒					
耔		耔					
耕		耕					
耖		耖					
耗		耗					
耘		耘					
耙		耙					
耜		耜					
耠		耠					
耤		耤					
耥		耥					
耦		耦					
耨		耨					
耩		耩					
耪		耪					
耬		耧					
耮		耢					
耰		耰					
耱		耱					
耳		耳					
耵		耵					
耶		耶					
耷		耷					
耽		耽					
耿		耿					
聃		聃					
聆		聆					
聊		聊					
聒		聒					
聖		圣					
聘		聘					
聚		聚					
聞		闻					
聯		联			連		
聰		聪			聡		
聱		聱					
聲		声			声		
聳		耸					
聵		聩					
聶		聂					
職		职					
聹		聍					
聻		𫆏					
聽		听			聴		
聾		聋					
聿		聿					
肄		肄					
肅		肃			粛		
肆		肆					
肇		肇					
肉		肉					
肋		肋					
肌		肌					
肓		肓					
肖		肖					
肘		肘					
肚		肚					
肛		肛					
肝		肝					
肟		肟					
股		股					
肢		肢					
肥		肥					
肩		肩					
肪		肪					
肫		肫					
肭		肭					
肯		肯					
肱		肱					
育		育					
肷		肷					
肸		肸					
肺		肺					
肼		肼					
肽		肽					
胂		胂					
胃		胃					
胄		胄					
胈		胈					
背		背					
胍		胍					
胎		胎					
胖		胖					
胗		胗					
胙		胙					
胚		胚					
胛		胛					
胜		胜					
胝		胝					
胞		胞					
胠		胠					
胡		胡					
胣		胣					
胤		胤					
胥		胥					
胩		胩					
胬		胬					
胭		胭					
胯		胯					
胰		胰					
胱		胱					
胲		胲					
胳		胳					
胴		胴					
胸		胸					
胺		胺					
胼		胼					
能		能					
脂		脂					
脅		胁					
脆		脆					
脈	脉	脉					
脊		脊					
脎		脎					
脒		脒					
脖		脖					
脘		脘					
脛		胫					
脞		脞					
脟		脟					
脣		唇	唇	唇	唇		
脥		𣍰					
脩		修 脩					
脫	脱	脱		脱	脱		
脬		脬					
脯		脯					
脲		脲					
脹		胀					
脾		脾					
脿		脿					
腆		腆					
腈		腈					
腊		腊					
腋		腋					
腌		腌					
腎		肾					
腐		腐					
腑		腑					
腒		腒					
腓		腓					
腔		腔					
腕		腕					
腖		胨					
腙		腙					
腚		腚					
腠		腠					
腡		脶					
腥		腥					
腦		脑			脳		
腧		腧					
腨		腨					
腩		腩					
腪		𣍯					
腫		肿					
腮		腮					
腯		腯					
腰		腰					
腱		腱					
腳	脚	脚			脚		
腴		腴					
腸		肠					
腹		腹					
腺		腺					
腼		腼					
腿		腿					
膀		膀					
膂		膂					
膃	腽	腽		腽			
膈		膈					
膊		膊					
膏		膏					
膕		腘					
膘		膘					
膙		膙					
膚		肤					
膛		膛					
膜		膜					
膝		膝					
膞		䏝					
膠		胶					
膢		𦝼					
膦		膦					
膨		膨					
膩		腻					
膳		膳					
膹		𪱥					
膺		膺					
膻		膻					
膽		胆			胆		
膾		脍					
膿		脓					
臀		臀					
臂		臂					
臃		臃					
臆		臆					
臉		脸					
臊		臊					
臌		臌					
臍		脐					
臏		膑					
臑		臑					
臗		𣎑					
臘		腊					
臚		胪					
臟		脏			臓		
臠		脔					
臢		臜					
臣		臣					
臥	卧	卧		卧			
臧		臧					
臨		临					
自		自					
臬		臬					
臭		臭			臭	臭	
至		至					
致		致					
臺		台		台	台		
臻		臻					
臼		臼					
臾		臾					
舀		舀					
舁		舁					
舂		舂					
舄		舄					
舅		舅					
與		与			与		
興		兴					
舉	擧	举			挙	擧	
舊		旧			旧		
舌		舌					
舍		舍			舎		
舐		舐					
舒		舒					
舔		舔					
舛		舛					
舜		舜					
舞		舞					
舟		舟					
舠		舠					
舢		舢					
舥		舥					
航		航					
舫		舫					
般		般					
舭		舭					
舯		舯					
舲		舲					
舳		舳					
舴		舴					
舵		舵					
舶		舶					
舷		舷					
舸		舸					
船		船					
舾		舾					
艄		艄					
艅		艅					
艇		艇					
艉		艉					
艋		艋					
艎		艎					
艏		艏					
艘		艘					
艙		舱					
艚		艚					
艟		艟					
艣		𫇛					
艤		舣					
艦		舰					
艨		艨					
艫		舻					
艮		艮					
良		良					
艱		艰					
色		色					
艴		艴					
艷		艳			艶		
艽		艽					
艾		艾					
艿		艿					
芃		芃					
芄		芄					
芊		芊					
芋		芋					
芍		芍					
芎		芎					
芏		芏					
芑		芑					
芒		芒					
芘		芘					
芙		芙					
芝		芝					
芟		芟					
芠		芠					
芡		芡					
芣		芣					
芤		芤					
芥		芥					
芨		芨					
芩		芩					
芪		芪					
芫		芫					
芬		芬					
芭		芭					
芮		芮					
芯		芯					
芰		芰					
花		花					
芳		芳					
芴		芴					
芷		芷					
芸		芸					
芹		芹					
芻		刍					
芼		芼					
芽		芽					
芾		芾					
苄		苄					
苉		苉					
苊		苊					
苑		苑					
苒		苒					
苓		苓					
苔		苔					
苕		苕					
苗		苗					
苛		苛					
苜		苜					
苞		苞					
苟		苟					
苠		苠					
苡		苡					
苣		苣					
苤		苤					
若		若					
苦		苦					
苧		苎					
苫		苫					
苯		苯					
英		英					
苴		苴					
苷		苷					
苹		苹					
苻		苻					
苾		苾					
茀		茀					
茁		茁					
茂		茂					
范		范					
茄		茄					
茅		茅					
茆		茆					
茈		茈					
茉		茉					
茋		茋					
茌		茌					
茓		茓					
茗		茗					
茚		茚					
茛		茛					
茜		茜					
茝		茝					
茨		茨					
茫		茫					
茬		茬					
茭		茭					
茯		茯					
茱		茱					
茲	兹	兹					
茳		茳					
茴		茴					
茵		茵					
茶		茶					
茸		茸					
茹		茹					
茺		茺					
茼		茼					
茽		茽					
荀		荀					
荁		荁					
荃		荃					
荄		荄					
荇		荇					
草		草					
荊	荆	荆					
荏		荏					
荐		荐					
荑		荑					
荒		荒					
荓		荓					
荔		荔			茘		
荖		荖					
荷		荷					
荸		荸					
荻		荻					
荼		荼					
荽		荽					
莆		莆					
莉		莉					
莊		庄			荘		
莎		莎					
莒		莒					
莓		莓					
莖		茎			茎		
莘		莘					
莙		莙					
莛		莛					
莜		莜					
莝		莝					
莞		莞					
莠		莠					
莢		荚					
莧		苋					
莨		莨					
莩		莩					
莪		莪					
莫		莫					
莰		莰					
莽		莽					
莿		莿					
菀		菀					
菁		菁					
菂		菂					
菅		菅					
菇		菇					
菉		菉 绿					
菊		菊					
菌		菌					
菍		菍					
菏		菏					
菔		菔					
菕		𰰨					
菖		菖					
菘		菘					
菜		菜					
菝		菝					
菟		菟					
菠		菠					
菡		菡					
菥		菥					
菩		菩					
菪		菪					
華		华					
菰		菰					
菱		菱					
菲		菲					
菴		庵					
菸		烟		煙	煙		
菹		菹					
菼		菼					
菽		菽					
萁		萁					
萃		萃					
萄		萄					
萆		萆					
萇		苌					
萊		莱			莱		
萋		萋					
萌		萌					
萍		萍					
萎		萎					
萏		萏					
萑		萑					
萘		萘					
萜		萜					
萣		萣					
萩		萩					
萬		万			万		
萱		萱					
萳		萳					
萴		荝					
萵		莴					
萸		萸					
萹		萹					
萼		萼					
落		落					
葆		葆					
葉		叶					
葎		葎					
葑		葑					
葒		荭					
葖		葖					
著		著			著	著	
葙		葙					
葚		葚					
葛		葛					
葜		葜					
葝		𫈎					
葡		葡					
董		董					
葤		荮					
葦		苇					
葩		葩					
葫		葫					
葬		葬					
葭		葭					
葯		药					
葰		葰					
葳		葳					
葴		葴					
葵		葵					
葶		葶					
葷		荤					
葸		葸					
葺		葺					
蒂		蒂					
蒄		蒄					
蒈		蒈					
蒎		蒎					
蒐		搜 蒐					
蒔		莳					
蒕		蒀		蒀			
蒗		蒗					
蒙		蒙					
蒜		蒜					
蒞	莅	莅					
蒟		蒟					
蒡		蒡					
蒨		蒨					
蒭		𫇴					
蒯		蒯					
蒱		蒱					
蒲		蒲					
蒴		蒴					
蒸		蒸					
蒹		蒹					
蒺		蒺					
蒻		蒻					
蒼		苍					
蒽		蒽					
蒿		蒿					
蓀		荪					
蓁		蓁					
蓂		蓂					
蓄		蓄					
蓆		席					
蓇		蓇					
蓉		蓉					
蓊		蓊					
蓋		盖					
蓍		蓍					
蓏		蓏					
蓐		蓐					
蓑		蓑					
蓓		蓓					
蓖		蓖					
蓢		蓢					
蓧		𦰏					
蓬		蓬					
蓮		莲					
蓯		苁					
蓰		蓰					
蓴	蒓	莼					
蓼		蓼					
蓽		荜					
蓿		蓿					
蔀		蔀					
蔃		蔃					
蔄		𬜬					
蔈		蔈					
蔊		蔊					
蔌		蔌					
蔑		蔑					
蔓		蔓					
蔔		卜					
蔗		蔗					
蔘		参	參				
蔚		蔚					
蔞		蒌					
蔟		蔟					
蔡		蔡					
蔣		蒋			蒋		
蔥	葱	葱		葱	葱		
蔦		茑					
蔫		蔫					
蔬		蔬					
蔭		荫					
蔯		𫈟					
蔸		蔸					
蔻		蔻					
蔽		蔽					
蔿	蒍	𫇭	蒍	蒍			
蕁		荨					
蕃		蕃					
蕆		蒇					
蕈		蕈					
蕉		蕉					
蕊		蕊					
蕎		荞					
蕒		荬					
蕓		芸					
蕕		莸					
蕖		蕖					
蕗		蕗					
蕘		荛					
蕙		蕙					
蕝		𫈵					
蕞		蕞					
蕢		蒉					
蕤		蕤					
蕨		蕨					
蕩		荡					
蕪		芜					
蕭		萧					
蕳		𫈉					
蕷		蓣					
蕹		蕹					
蕺		蕺					
蕻		蕻					
蕽		𫇽					
蕾		蕾					
薀	蕰	蕰					
薁		薁					
薄		薄					
薅		薅					
薆		𫉁					
薇		薇					
薈		荟					
薊		蓟					
薌		芗					
薏		薏					
薑		姜					
薔		蔷					
薘		荙					
薛		薛					
薜		薜					
薟		莶					
薢		薢					
薤		薤					
薦		荐					
薨		薨					
薩		萨					
薪		薪					
薯		薯					
薰		薰			薫		
薳		䓕 薳					
薴		苧					
薵		䓓					
薷		薷					
薸		薸					
薹		薹					
薺		荠					
薿		薿					
藁		藁					
藉		藉 借					
藍		蓝					
藎		荩					
藏		藏			蔵		
藐		藐					
藕		藕					
藜		藜					
藝		艺			芸		
藟		藟					
藠		藠					
藤		藤					
藥		药			薬		
藦		藦					
藨		藨					
藩		藩					
藪		薮					
藭		䓖					
藶		苈					
藷		𫉄 薯					
藹		蔼					
藺		蔺					
藻		藻					
藿		藿					
蘀		萚					
蘄		蕲					
蘅		蘅					
蘆		芦			芦		
蘇		苏					
蘊	藴	蕴 藴		藴			
蘋		苹 𬞟					
蘑		蘑					
蘘		蘘					
蘚		藓					
蘞		蔹					
蘟		𦻕					
蘢		茏					
蘧		蘧					
蘩		蘩					
蘭		兰					
蘸		蘸					
蘺		蓠					
蘼		蘼					
蘿		萝					
虆		蔂					
虉		𬟁					
虎		虎					
虐		虐					
虒		虒					
虓		虓					
虔		虔					
處		处			処		
虛	虚	虚			虚		
虜		虏			虜	虜	
虞		虞					
號		号			号		
虢		虢					
虤		虤					
虧		亏					
虫		虫					
虯	虬	虬					
虷		虷					
虸		虸					
虹		虹					
虺		虺					
虻		虻					
虼		虼					
蚄		蚄					
蚆		蚆					
蚊		蚊					
蚋		蚋					
蚌		蚌					
蚍		蚍					
蚓		蚓					
蚜		蚜					
蚝		蚝					
蚣		蚣					
蚤		蚤					
蚧		蚧					
蚨		蚨					
蚩		蚩					
蚪		蚪					
蚯		蚯					
蚰		蚰					
蚱		蚱					
蚲		蚲					
蚴		蚴					
蚶		蚶					
蚺		蚺					
蛀		蛀					
蛃		蛃					
蛄		蛄					
蛆		蛆					
蛇		蛇					
蛉		蛉					
蛋		蛋					
蛐		蛐					
蛑		蛑					
蛔		蛔					
蛘		蛘					
蛙		蛙					
蛛		蛛					
蛞		蛞					
蛟		蛟					
蛤		蛤					
蛩		蛩					
蛭		蛭					
蛸		蛸					
蛹		蛹					
蛺		蛱					
蛻	蜕	蜕		蜕			
蛾		蛾					
蜀		蜀					
蜂		蜂					
蜃		蜃					
蜆		蚬					
蜇		蜇					
蜈		蜈					
蜉		蜉					
蜊		蜊					
蜍		蜍					
蜎		蜎					
蜐		蜐					
蜒		蜒					
蜓		蜓					
蜘		蜘					
蜚		蜚					
蜜		蜜					
蜞		蜞					
蜡		蜡					
蜢		蜢					
蜣		蜣					
蜥		蜥					
蜩		蜩					
蜮		蜮					
蜱		蜱					
蜴		蜴					
蜷		蜷					
蜻		蜻					
蜾		蜾					
蜿		蜿					
蝀		𬟽					
蝌		蝌					
蝎		蝎					
蝓		蝓					
蝕		蚀					
蝗		蝗					
蝘		蝘					
蝙		蝙					
蝟	猬	猬					
蝠		蝠					
蝣		蝣					
蝤		蝤					
蝥		蝥					
蝦		虾					
蝨	虱	虱					
蝮		蝮					
蝰		蝰					
蝲		蝲					
蝴		蝴					
蝶		蝶					
蝸		蜗					
蝻		蝻					
蝽		蝽					
螂		螂					
螃		螃					
螄		蛳					
螅		螅					
螈		螈					
螋		螋					
融		融					
螗		螗					
螞		蚂					
螟		螟					
螠		螠					
螢		萤			蛍		
螣		螣					
螫		螫					
螬		螬					
螭		螭					
螮		䗖					
螯		螯					
螱		螱					
螳		螳					
螵		螵					
螺		螺					
螻		蝼					
螽		螽					
螿		螀					
蟀		蟀					
蟂		𫋇					
蟄		蛰					
蟆		蟆					
蟈		蝈					
蟊		蟊					
蟋		蟋					
蟎		螨					
蟑		蟑					
蟒		蟒					
蟘		𫋌					
蟛		蟛					
蟜		𫊸					
蟠		蟠					
蟣		虮					
蟥		蟥					
蟪		蟪					
蟫		蟫					
蟬		蝉					
蟮		蟮					
蟯		蛲					
蟲		虫			虫		
蟳		𫊻					
蟶		蛏					
蟹		蟹					
蟻		蚁					
蟾		蟾					
蠀		𧏗					
蠁		蚃					
蠃		蠃					
蠅		蝇					
蠆		虿					
蠊		蠊					
蠋		蠋					
蠍		蝎					
蠐		蛴					
蠑		蝾					
蠓		蠓					
蠔		蚝					
蠕		蠕					
蠖		蠖					
蠙		𧏖					
蠟		蜡			蝋		
蠡		蠡					
蠢		蠢					
蠣		蛎					
蠦		𫊮					
蠨		蟏					
蠱		蛊					
蠲		蠲					
蠶		蚕			蚕		
蠹		蠹					
蠻		蛮			蛮		
蠼		蠼					
蠾		𧑏					
血		血					
衃		衃					
衄		衄					
衆	眾	众	眾	眾			
衊		蔑					
行		行					
衍		衍					
衎		衎					
衒		衒					
術		术					
衕		同					
街		街					
衙		衙					
衚		胡					
衛		卫		衞	衛	衞	
衝		冲					
衠		衠					
衡		衡					
衢		衢					
衣		衣					
表		表					
衩		衩					
衫		衫					
衰		衰					
衲		衲					
衷		衷					
衹		只 祇					
衽		衽					
衾		衾					
衿		衿					
袁		袁					
袂		袂					
袈		袈					
袋		袋					
袍		袍					
袒		袒					
袖		袖					
袗		袗					
袞	衮	衮					
袢		袢					
袤		袤					
袪		袪					
被		被					
袱		袱					
袷		袷 夹					
袼		袼					
裁		裁					
裂		裂					
裉		裉					
裊		袅					
裎		裎					
裏	裡	里	裡				
裒		裒					
裔		裔					
裕		裕					
裘		裘					
裙		裙					
裛		裛					
補		补					
裝		装			装		
裟		裟					
裨		裨					
裰		裰					
裱		裱					
裳		裳					
裴		裴					
裸		裸					
裹		裹					
裼		裼					
製		制					
裾		裾					
褂		褂					
複		复					
褊		褊					
褌		裈					
褐		褐			褐	褐	
褒		褒			褒	襃	
褓		褓					
褕		褕					
褘		袆					
褙		褙					
褚		褚					
褟		褟					
褡		褡					
褥		褥					
褪		褪					
褫		褫					
褯		褯					
褰		褰					
褲		裤					
褳		裢					
褶		褶					
褸		褛					
褻		亵					
襀		𫌀					
襁		襁					
襄		襄					
襇		裥					
襉		裥					
襏		袯					
襓		𫋹					
襖		袄					
襗		𫋷					
襘		𫋻					
襚		襚					
襜		襜					
襝		裣					
襞		襞					
襟		襟					
襠		裆					
襤		褴					
襦		襦					
襪		袜					
襫		襫					
襬		摆 䙓					
襯		衬					
襰		𧝝					
襲		袭					
襴		襕					
襵		𫌇					
襻		襻					
西		西					
要		要					
覃		覃					
覆		覆 复					
覈		核	核	核			
見		见					
覎		觃					
規		规					
覓		觅					
視		视			視	視	
覘		觇					
覛		𫌪					
覡		觋					
覥		觍					
覦		觎					
親		亲					
覬		觊					
覯		觏					
覲		觐					
覷		觑					
覹		𫌭					
覺		觉			覚		
覼		𫌨					
覽		览			覧		
覿		觌					
觀		观			観		
角		角					
觖		觖					
觚		觚					
觜		觜					
觟		觟					
解		解					
觥		觥					
觫		觫					
觭		觭					
觱		觱					
觳		觳					
觴		觞					
觶		觯					
觸		触			触		
觿		觿					
言		言					
訁		讠					
訂		订					
訃		讣					
訄		訄					
訇		訇					
計		计					
訊		讯					
訌		讧					
討		讨					
訏		𬣙					
訐		讦					
訑		𫍙					
訒		讱					
訓		训					
訕		讪					
訖		讫					
託		托 讬					
記		记					
訛		讹					
訜		𫍛					
訝		讶					
訞		𫍚					
訟		讼					
訢		欣 䜣					
訣		诀					
訥		讷					
訨		𫟞					
訩		讻					
訪		访					
設		设					
許		许					
訴		诉					
訶		诃					
診		诊					
註		注					
証		证					
訾		訾					
詀		𧮪					
詁		诂					
詆		诋					
詈		詈					
詊		𫟟					
詎		讵					
詐		诈					
詑		𫍡					
詒		诒					
詓		𫍜					
詔		诏					
評		评					
詖		诐					
詗		诇					
詘		诎					
詛		诅					
詝		𬣞					
詞		词					
詠	咏	咏					
詡		诩					
詢		询					
詣		诣					
試		试					
詩		诗					
詪		𬣳					
詫		诧					
詬		诟					
詭		诡					
詮		诠					
詰		诘					
話		话					
該		该					
詳		详					
詵		诜					
詷		𫍣					
詹		詹					
詼		诙					
詿		诖					
誂		𫍥					
誄		诔					
誅		诛					
誆		诓					
誇		夸					
誋		𫍪					
誌		志					
認		认					
誑		诳					
誒		诶					
誓		誓					
誕		诞					
誘		诱					
誚		诮					
語		语					
誠		诚					
誡		诫					
誣		诬					
誤		误					
誥		诰					
誦		诵					
誨		诲					
說	説	说		説	説		
誫		𫍨					
誰		谁					
課		课					
誳		𫍮					
誴		𫟡					
誶		谇					
誷		𫍬					
誹		诽					
誺		𫍧					
誼		谊					
誾		訚					
調		调					
諂		谄					
諄		谆					
談		谈					
諉		诿					
請		请					
諍		诤					
諏		诹					
諑		诼					
諒		谅					
諓		𬣡					
論		论					
諗		谂					
諛		谀					
諜		谍					
諝		谞					
諞		谝					
諟		𬤊					
諡		谥					
諢		诨					
諣		𫍩					
諤		谔					
諥		𫍳					
諦		谛					
諧		谐					
諫		谏 𫍝					
諭		谕					
諮		咨 谘					
諯		𫍱					
諰		𫍰					
諱		讳					
諲		𬤇					
諳		谙					
諴		𫍯					
諶		谌					
諷		讽					
諸		诸			諸	諸	
諺		谚					
諼		谖					
諾		诺					
謀		谋					
謁		谒			謁	謁	
謂		谓					
謄		誊					
謅		诌					
謆		𫍸					
謇		謇					
謉		𫍷					
謊		谎					
謎		谜					
謏		𫍲					
謐		谧					
謔		谑					
謖		谡					
謗		谤					
謙		谦					
謚		谥					
講		讲					
謝		谢					
謠	謡 䚻	谣			謡		
謨		谟					
謫		谪					
謬		谬					
謯		𫍹					
謱		𫍴					
謳		讴					
謸		𫍵					
謹		谨			謹	謹	
謾		谩					
譁		哗					
譂		𫟠					
譅		𰶎					
譆		𫍻 嘻					
證		证			証		
譊		𫍢					
譎		谲					
譏		讥					
譑		𫍤					
譓		𬤝					
譖		谮					
識		识					
譙		谯					
譚		谭					
譜		谱					
譞		𫍽					
譟		噪					
警		警					
譨		𫍦					
譫		谵					
譬		譬					
譭		毁					
譯		译			訳		
議		议					
譴		谴					
護		护					
譸		诪					
譽		誉			誉		
譾	謭	谫 𫍿					
讀		读			読		
讅		谉					
變		变			変		
讋		詟					
讌		䜩 宴					
讎		仇 雠					
讒		谗					
讓		让			譲		
讕		谰					
讖		谶					
讚		赞					
讜		谠					
讞		谳					
谷		谷					
谼		谼					
谿		谿 溪					
豁		豁					
豆		豆					
豇		豇					
豈		岂					
豉		豉					
豌		豌					
豎	竪	竖					
豐		丰			豊		
豔	豓	艳					
豕		豕					
豚		豚					
象		象					
豢		豢					
豨		豨					
豪		豪					
豫		豫			予		
豬	猪	猪					
豳		豳					
豵		𫎆					
豶		豮					
豸		豸					
豹		豹					
豺		豺					
貂		貂					
貅		貅					
貆		貆					
貉		貉					
貊		貊					
貌		貌					
貓	猫	猫			猫		
貔		貔					
貗		𫎌					
貘		貘					
貙		䝙					
貝		贝					
貞		贞					
貟		贠					
負		负					
財		财					
貢		贡					
貧		贫					
貨		货					
販		贩					
貪		贪					
貫		贯					
責		责					
貯		贮					
貰		贳					
貲		赀 资					
貳		贰			弐		
貴		贵					
貶		贬					
買		买 𧹒					
貸		贷					
貺		贶					
費		费					
貼		贴					
貽		贻					
貿		贸					
賀		贺					
賁		贲					
賂		赂					
賃		赁					
賄		贿					
賅		赅					
資		资					
賈		贾					
賊		贼					
賑		赈					
賒		赊					
賓		宾			賓	賓	
賕		赇					
賙		赒					
賚		赉					
賜		赐					
賝		𫎩					
賞		赏					
賟		𧹖					
賠		赔					
賡		赓					
賢		贤					
賣		卖			売		
賤		贱					
賦		赋					
賧		赕					
質		质					
賬		账 𧹔					
賭		赌					
賰		䞐					
賴		赖			頼		
賵		赗					
賺		赚					
賻		赙					
購		购					
賽		赛					
賾		赜					
贃		𧹗					
贄		贽					
贅		赘					
贇		赟					
贈		赠			贈	贈	
贉		𫎫					
贊		赞			賛		
贋		赝					
贍		赡					
贏		赢					
贐		赆					
贑		𫎬					
贓	贜	赃					
贔		赑					
贖		赎					
贗	偐	赝			贋		
贚		𫎦					
贛		赣					
赤		赤					
赦		赦					
赧		赧					
赫		赫					
赬		赪					
赭		赭					
走		走					
赳		赳					
赴		赴					
起		起					
趁		趁					
趄		趄					
超		超					
越		越					
趑		趑					
趔		趔					
趕		赶					
趙		赵					
趟		趟					
趣		趣					
趨		趋					
趯		趯					
趲		趱					
足		足					
趴		趴					
趵		趵					
趺		趺					
趼		趼					
趾		趾					
趿		趿					
跂		跂					
跆		跆					
跋		跋					
跌		跌					
跎		跎					
跏		跏					
跐		跐					
跑		跑					
跖		跖					
跗		跗					
跚		跚					
跛		跛					
距		距					
跟		跟					
跡		迹					
跣		跣					
跤		跤					
跨		跨					
跪		跪					
跬		跬					
路		路					
跱		跱					
跳		跳					
跺	跥	跺					
跽		跽					
踅		踅					
踉		踉					
踊	踴	踊	踴	踴			
踏		踏					
踐		践			践		
踒		踒					
踔		踔					
踝		踝					
踞		踞					
踟		踟					
踢		踢					
踣		踣					
踦		踦					
踩		踩					
踮		踮					
踱		踱					
踵		踵					
踶		踶					
踹		踹					
踺		踺					
踽		踽					
蹀		蹀					
蹁		蹁					
蹂		蹂					
蹄		蹄					
蹅		蹅					
蹇		蹇					
蹈		蹈					
蹉		蹉					
蹊		蹊					
蹋		蹋					
蹌		跄					
蹐		蹐					
蹔		𫏐					
蹕		跸					
蹙		蹙					
蹚		蹚					
蹜		蹜					
蹟		迹					
蹠		跖					
蹢		蹢					
蹣		蹒					
蹤	踪	踪					
蹦		蹦					
蹩		蹩					
蹬		蹬					
蹭		蹭					
蹯		蹯					
蹲		蹲					
蹳		𫏆					
蹴		蹴					
蹶		蹶					
蹺		跷					
蹻		𫏋					
蹼		蹼					
蹽		蹽					
蹾		蹾					
躁		躁					
躂		跶					
躅		躅					
躇		躇					
躉		趸					
躊		踌					
躋		跻					
躍		跃					
躎		䟢					
躐		躐					
躑		踯					
躒		跞					
躓		踬					
躔		躔					
躕	蹰	蹰					
躘		𨀁					
躚		跹					
躝		𨅬					
躞		躞					
躡		蹑					
躥		蹿					
躦		躜					
躪		躏					
身		身					
躬		躬					
躲	躱	躲					
躺		躺					
軀		躯					
軉		𨉗					
車		车					
軋		轧					
軌		轨					
軍		军					
軏		𫐄					
軑		轪					
軒		轩					
軔		轫					
軕		𫐅					
軗		𨐅					
軛		轭					
軜		𫐇					
軝		𬨂					
軟		软					
軤		轷					
軨		𫐉					
軫		轸					
軬		𫐊					
軲		轱					
軷		𫐈					
軸		轴					
軹		轵					
軺		轺					
軻		轲					
軼		轶					
軾		轼					
軿		𫐌					
較		较					
輄		𨐈					
輅		辂					
輇		辁					
輈		辀					
載		载					
輊		轾					
輋		𪨶					
輒		辄					
輓		挽					
輔		辅					
輕		轻			軽		
輖		𫐏					
輗		𫐐					
輛		辆			輌		
輜		辎					
輝		辉					
輞		辋					
輟		辍					
輢		𫐎					
輥		辊					
輦		辇					
輨		𫐑					
輩		辈					
輪		轮					
輬		辌					
輮		𫐓					
輯		辑					
輳		辏					
輶		𬨎					
輷		𫐒					
輸		输					
輻		辐					
輾		辗					
輿		舆					
轀	輼	辒		輼			
轂		毂					
轄		辖					
轅		辕					
轆		辘					
轇		𫐖					
轉		转			転		
轊		𫐕					
轍		辙					
轎		轿					
轐		𫐗					
轔		辚					
轗		𫐘					
轟		轰					
轠		𫐙					
轡		辔					
轢		轹					
轣		𫐆					
轤		轳					
辛		辛					
辜		辜					
辟		辟					
辣		辣					
辦		办					
辨		辨			弁		
辭		辞			辞		
辮		辫					
辯		辩			弁		
辰		辰					
辱		辱					
農		农					
辿		辿					
迂		迂					
迄		迄					
迅		迅					
迎		迎					
近		近					
迓		迓					
返		返					
迕		迕					
迢		迢					
迤		迤					
迥		迥					
迦		迦					
迨		迨					
迪		迪					
迫		迫					
迭		迭					
迮		迮					
述		述					
迴		回					
迷		迷					
迸		迸					
迹		迹					
迺		迺 乃					
追		追					
退		退					
送		送					
适		适					
逃		逃					
逄		逄					
逅		逅					
逆		逆					
逋		逋					
逍		逍					
透		透					
逐		逐					
逑		逑					
途		途					
逕		迳 径					
逖		逖					
逗		逗					
這		这					
通		通					
逛		逛					
逝		逝					
逞		逞					
速		速					
造		造					
逡		逡					
逢		逢					
連		连					
逭		逭					
逮		逮					
逯		逯					
週		周					
進		进					
逴		逴					
逵		逵					
逶		逶					
逸		逸			逸	逸	
逼		逼					
逾	踰	逾					
遁		遁					
遂		遂					
遄		遄					
遆		遆					
遇		遇					
遊		游					
運		运					
遍		遍					
過		过					
遏		遏					
遐		遐					
遑		遑					
遒		遒					
道		道					
達		达					
違		违					
遘		遘					
遙	遥	遥			遥 遙		
遛		遛					
遜		逊					
遞		递			逓		
遠		远					
遢		遢					
遣		遣					
遨		遨					
適		适					
遭		遭					
遮		遮					
遱		𫐷					
遲		迟			遅		
遴		遴					
遵		遵					
遷		迁					
選		选					
遹		遹					
遺		遗					
遼		辽					
遽		遽					
避		避					
邀		邀					
邁		迈					
邂		邂					
邃		邃					
還		还					
邇		迩					
邈		邈					
邊		边			辺		
邋		邋					
邏		逻					
邐		逦					
邑		邑					
邕		邕					
邗		邗					
邘		邘					
邙		邙					
邛		邛					
邠		邠					
邡		邡					
邢		邢					
那		那					
邦		邦					
邨		邨 村					
邪		邪					
邯		邯					
邰		邰					
邱		邱					
邲		邲					
邳		邳					
邴		邴					
邵		邵					
邶		邶					
邸		邸					
邽		邽					
邾		邾					
邿		邿					
郁		郁					
郃		郃					
郄		郄					
郅		郅					
郇		郇					
郈		郈					
郊		郊					
郎		郎			郎	郞	
郗		郗					
郚		郚					
郛		郛					
郜		郜					
郝		郝					
郟		郏					
郡		郡					
郢		郢					
郤		郤					
部		部					
郪		郪					
郫		郫					
郭		郭					
郯		郯					
郴		郴					
郵		邮					
都		都			都	都	
郾		郾					
郿		郿					
鄀		鄀					
鄂		鄂					
鄃		鄃					
鄄		鄄					
鄅		鄅					
鄆		郓					
鄉	鄕	乡			郷	鄕	
鄌		鄌					
鄑		鄑					
鄒		邹					
鄔		邬					
鄖		郧					
鄗		鄗					
鄘		鄘					
鄙		鄙					
鄚		鄚					
鄜		鄜					
鄞		鄞					
鄟		𫑘					
鄠		鄠					
鄢		鄢					
鄣		鄣					
鄧		邓					
鄩		𬩽					
鄫		鄫					
鄭		郑					
鄯		鄯					
鄰		邻					
鄱		鄱					
鄲		郸					
鄳		𫑡					
鄴		邺					
鄶		郐					
鄹		鄹					
鄺		邝					
酃		酃					
酅		酅					
酆		酆					
酇		酂					
酈		郦					
酉		酉					
酊		酊					
酋		酋					
酌		酌					
配		配					
酎		酎					
酏		酏					
酐		酐					
酒		酒					
酗		酗					
酚		酚					
酞		酞					
酡		酡					
酢		酢			醋		
酣		酣					
酤		酤					
酥		酥					
酩		酩					
酪		酪					
酬		酬					
酮		酮					
酯		酯					
酰		酰					
酲		酲					
酴		酴					
酵		酵					
酶		酶					
酷		酷					
酸		酸					
酹		酹					
酺		酺					
醃		腌					
醅		醅					
醇		醇					
醉		醉			酔		
醋		醋					
醌		醌					
醍		醍					
醐		醐					
醑		醑					
醒		醒					
醚		醚					
醛		醛					
醜		丑					
醞	醖	酝 醖		醖			
醟		蒏					
醢		醢					
醣		糖					
醨		醨					
醪		醪					
醫		医			医		
醬		酱			醤		
醭		醭					
醮		醮					
醯		醯					
醱		酦			醗		
醲		𬪩					
醴		醴					
醵		醵					
醶		𫑷					
醺		醺					
醾		醾					
釀		酿			醸		
釁		衅					
釃		酾					
釅		酽					
采		采					
釉		釉					
釋		释			釈		
里		里					
重		重					
野		野					
量		量					
釐		厘 釐					
金		金					
釒		钅					
釓		钆					
釔		钇					
釕		钌					
釗		钊					
釘		钉					
釙		钋					
釚		𫟲					
釜		釜					
針		针					
釟		𫓥					
釣		钓					
釤		钐					
釦		扣					
釧		钏					
釨		𫓦					
釩		钒					
釲		𫟳					
釳		𨰿					
釴		𬬩					
釵		钗					
釷		钍					
釹		钕					
釺		钎					
釾		䥺					
釿		𬬱					
鈀		钯					
鈁		钫					
鈃		钘					
鈄		钭					
鈅		钥					
鈆		𫓪					
鈇		𫓧					
鈈		钚					
鈉		钠					
鈋		𨱂					
鈍		钝					
鈐		钤					
鈑		钣					
鈒		钑					
鈔		钞					
鈕		钮					
鈖		𫟴					
鈗		𫟵					
鈛		𫓨					
鈞		钧					
鈠		𨱁					
鈡		钟					
鈣		钙					
鈥		钬					
鈦		钛					
鈧		钪					
鈮		铌					
鈯		𨱄					
鈰		铈					
鈲		𨱃					
鈳		钶					
鈴		铃					
鈷		钴					
鈸		钹					
鈹		铍					
鈺		钰					
鈽		钸					
鈾		铀					
鈿		钿					
鉀		钾					
鉁		𨱅					
鉅		巨 钜					
鉆		钻					
鉈		铊					
鉉		铉					
鉊		𬬿					
鉋		铇 刨					
鉍		铋					
鉑		铂					
鉔		𫓬					
鉕		钷					
鉗		钳					
鉚		铆					
鉛		铅					
鉝		𫟷					
鉞		钺					
鉠		𫓭					
鉢	缽	钵	缽	缽			
鉤	鈎	钩		鈎			
鉥		𬬸					
鉦		钲					
鉧		𬭁					
鉬		钼					
鉭		钽					
鉮		𬬹					
鉳		锫					
鉶		铏					
鉷		𫟹					
鉸		铰					
鉺		铒					
鉻		铬					
鉽		𫟸					
鉾		𫓴					
鉿		铪					
銀		银					
銁		𫓲					
銂		𫟻					
銃		铳					
銅		铜					
銈		𫓯					
銊		𫓰					
銍		铚					
銎		銎					
銏		𫟶					
銑		铣					
銓		铨					
銖		铢					
銘		铭					
銚		铫					
銛		铦					
銜		衔					
銠		铑					
銣		铷					
銥		铱					
銦		铟					
銨		铵					
銩		铥					
銪		铕					
銫		铯					
銬		铐					
銱		铞					
銳	鋭	锐		鋭			
銶		𨱇					
銷		销					
銻		锑					
銼		锉					
鋁		铝					
鋂		𰾄					
鋃		锒					
鋅		锌					
鋆		鋆					
鋇		钡					
鋈		鋈					
鋉		𨱈					
鋌		铤					
鋏		铗					
鋐		𬭎					
鋒		锋					
鋗		𫓶					
鋙		铻					
鋝		锊					
鋟		锓					
鋠		𫓵					
鋣		铘					
鋤		锄					
鋥		锃					
鋦		锔					
鋨		锇					
鋩		铓					
鋪		铺			舗		
鋮		铖					
鋯		锆					
鋰		锂					
鋱		铽					
鋶		锍					
鋸		锯					
鋹		𬬮					
鋼		钢					
錀		𬬭					
錁		锞					
錂		𨱋					
錄	録	录			録		
錆		锖					
錇		锫					
錈		锩					
錏		铔					
錐		锥					
錒		锕					
錕		锟					
錘	鎚	锤					
錙		锱					
錚		铮					
錛		锛					
錜		𫓻					
錝		𫓽					
錞		𬭚					
錟		锬					
錠		锭					
錡		锜					
錢		钱			銭		
錤		𫓹					
錥		𫓾					
錦		锦					
錨		锚					
錩		锠					
錫		锡					
錮		锢					
錯		错					
錳		锰					
錶		表					
錸		铼					
錼		镎					
錽		𫓸					
鍀		锝					
鍁		锨					
鍃		锪					
鍄		𨱉					
鍅		钫					
鍆		钔					
鍇		锴					
鍈		锳					
鍉		𫔂					
鍊		炼 链 𫔀			錬		
鍋		锅					
鍍		镀					
鍒		𫔄					
鍔		锷					
鍘		铡					
鍚		钖					
鍛		锻					
鍠		锽					
鍤		锸					
鍥		锲					
鍩		锘					
鍪		鍪					
鍬		锹					
鍭		𬭤					
鍮		𨱎					
鍰		锾					
鍵		键					
鍶		锶					
鍺		锗					
鍼		针	針	針			
鍾		钟 锺					
鎂		镁					
鎄		锿					
鎇		镅					
鎈		𫟿					
鎊		镑					
鎌		镰					
鎍		𫔅					
鎏		鎏					
鎓		𬭩					
鎔		镕					
鎖		锁					
鎘		镉					
鎙		𫔈					
鎛		镈					
鎝		𨱏					
鎞		𫔇					
鎡		镃					
鎢		钨					
鎣		蓥					
鎦		镏					
鎧		铠					
鎩		铩					
鎪		锼					
鎬		镐					
鎮	鎭	镇			鎮	鎭	
鎯		𨱍					
鎰		镒					
鎲		镋					
鎳		镍					
鎵		镓					
鎶		鿔					
鎷		𨰾					
鎿		镎					
鏃		镞					
鏆		𨱌					
鏇		旋 镟					
鏈		链					
鏉		𨱒					
鏊		鏊					
鏌		镆					
鏍		镙					
鏏		𬭬					
鏐		镠					
鏑		镝					
鏖		鏖					
鏗		铿					
鏘		锵					
鏚		𬭭					
鏜		镗					
鏝		镘					
鏞		镛					
鏟		铲					
鏡		镜					
鏢		镖					
鏤		镂					
鏥		𫔊					
鏦		𫓩					
鏨		錾					
鏰		镚					
鏵		铧					
鏷		镤					
鏹		镪					
鏺		䥽					
鏻		𬭸					
鏽	銹	锈					
鏾		𫔌					
鐃		铙					
鐄		𨱑					
鐇		𫔍					
鐈		𫓱					
鐋		铴					
鐍		𫔎					
鐎		𨱓					
鐏		𨱔					
鐐		镣					
鐒		铹					
鐓		镦					
鐔		镡					
鐘		钟					
鐙		镫					
鐝		镢					
鐠		镨					
鐥		䦅					
鐦		锎					
鐧		锏					
鐨		镄					
鐩		𬭼					
鐪		𫓺					
鐫	鎸 鋑 𥍯	镌					
鐮		镰					
鐯		䦃					
鐲		镯					
鐳		镭					
鐵		铁			鉄		
鐶		镮					
鐸		铎					
鐺		铛					
鐼		𫔁					
鐽		𫟼					
鐾		鐾					
鐿		镱					
鑀		𰾭					
鑄		铸			鋳		
鑉		𫠁					
鑊		镬					
鑌		镔					
鑑		鉴					
鑒		鉴					
鑔		镲					
鑕		锧					
鑛					鉱		
鑞		镴					
鑠		铄					
鑣		镳					
鑥		镥					
鑪		𬬻 炉					
鑫		鑫					
鑭		镧					
鑰		钥					
鑱		镵					
鑲		镶					
鑴		𫔔					
鑷		镊					
鑹		镩					
鑼		锣					
鑽		钻					
鑾		銮					
鑿		凿					
钁		镢 䦆					
钂		镋					
長		长					
門		门					
閂		闩					
閃		闪					
閆		闫					
閈		闬					
閉		闭					
開		开 𫔭					
閌		闶					
閍		𨸂					
閎		闳					
閏		闰					
閐		𨸃					
閑		闲					
閒		闲 𫔮					
間		间					
閔		闵					
閗		𫔯					
閘		闸					
閝		𫠂					
閞		𫔰					
閡		阂					
閣		阁					
閤		合					
閥		阀					
閨		闺					
閩		闽					
閫		阃					
閬		阆					
閭		闾					
閱	閲	阅		閲	閲		
閵		𫔴					
閶		阊					
閹		阉					
閻		阎					
閼		阏					
閽		阍					
閾		阈					
閿		阌					
闃		阒					
闆		板					
闇		暗					
闈		闱					
闉		𬮱					
闊		阔					
闋		阕					
闌		阑					
闍		阇					
闐		阗					
闑		𫔶					
闒		阘					
闓		闿					
闔		阖					
闕		阙					
闖		闯					
關		关			関		
闞		阚					
闠		阓					
闡		阐					
闢		辟					
闤		阛					
闥		闼					
阜		阜					
阡		阡					
阪	坂	坂 阪					
阮		阮					
阱		阱					
防		防					
阻		阻					
阼		阼					
阽		阽					
阿		阿					
陀		陀					
陂		陂					
附		附					
陋		陋					
陌		陌					
降		降					
陎		陎					
限		限					
陑		陑					
陔		陔					
陘		陉					
陛		陛					
陝		陕					
陞	阩 𧿘	升 陞					
陟		陟					
陡		陡					
院		院					
陣		阵					
除		除					
陪		陪					
陬		陬					
陰		阴					
陲		陲					
陳		陈					
陴		陴					
陵		陵					
陶		陶					
陷		陷			陥		
陸		陆					
陽		阳					
隃		隃					
隅		隅					
隆		隆			隆	隆	
隈		隈					
隉	陧	陧					
隊		队					
隋		隋					
隍		隍					
階		阶					
隑		𬮿					
隔		隔					
隕		陨					
隗		隗					
隘		隘					
隙		隙					
際		际					
障		障					
隤		𬯎					
隧		隧					
隨		随			随		
隩		隩					
險		险			険		
隮		𬯀					
隯		陦					
隰		隰					
隱		隐			隠		
隳		隳					
隴		陇					
隸		隶					
隹		隹					
隺		隺					
隻		只					
隼		隼					
雀		雀					
雁		雁					
雄		雄					
雅		雅					
集		集					
雇		雇					
雉		雉					
雊		雊					
雋	隽	隽					
雌		雌					
雍		雍					
雎		雎					
雒		雒					
雕		雕					
雖		虽					
雙		双			双		
雛		雏					
雜		杂			雑		
雞	鷄 鶏	鸡			鶏	鷄	
離		离					
難		难			難	難	
雨		雨					
雩		雩					
雪		雪					
雯		雯					
雱		雱					
雲		云					
零		零					
雷		雷					
雹		雹					
電		电					
需		需					
霄		霄					
霅		霅					
霆		霆					
震		震					
霈		霈					
霉		霉					
霍		霍					
霎		霎					
霏		霏					
霑		沾					
霓		霓					
霖		霖					
霜		霜					
霞		霞					
霢		霡					
霣		𫕥					
霧		雾					
霨		霨					
霪		霪					
霰		霰					
露		露					
霸		霸			覇		
霹		霹					
霼		𪵣					
霽		霁					
霾		霾					
靂		雳					
靄		霭					
靆		叇					
靈		灵			霊		
靉		叆					
青		青					
靖		靖					
靚		靓					
靛		靛					
靜	静	静			静		
靝		靔					
非		非					
靠		靠					
靡		靡					
面		面					
靦		腼 䩄					
靧		𫖃					
靨		靥					
革		革					
靬		靬					
靰		靰					
靳		靳					
靴		靴					
靶		靶					
靸		靸					
靺		靺					
靼		靼					
靽		靽					
靿		靿					
鞁		鞁					
鞅		鞅					
鞋		鞋					
鞍		鞍					
鞏		巩					
鞔		鞔					
鞘		鞘					
鞝		绱					
鞠		鞠					
鞡		鞡					
鞣		鞣					
鞦		秋					
鞧		鞧					
鞨		鞨					
鞫		鞫					
鞬		鞬					
鞭		鞭					
鞮		鞮					
鞲		鞲					
鞳		鞳					
鞴		鞴					
鞽		鞒					
鞾		𫖇 靴					
韂		韂					
韃		鞑					
韆		千					
韉		鞯					
韋		韦					
韌		韧					
韍		韨					
韓		韩					
韙		韪					
韚		𫠅					
韛		𫖔					
韜		韬					
韝		鞲 𫖕					
韞		韫					
韠		𫖒					
韭		韭					
音		音					
韶		韶					
韻	韵	韵					
響		响			響	響	
頁		页					
頂		顶					
頃		顷					
項		项					
順		顺					
頇		顸					
須		须					
頊		顼					
頌		颂					
頍		𫠆					
頎		颀					
頏		颃					
預		预					
頑		顽					
頒		颁					
頓		顿					
頔		𬱖					
頗		颇					
領		领					
頜		颌					
頠		𬱟					
頡		颉					
頤		颐					
頦		颏					
頫		俯 𫖯					
頭		头					
頮		颒					
頰		颊					
頲		颋					
頴		颕					
頵		𫖳					
頷		颔					
頸		颈					
頹	頽	颓					
頻		频			頻	頻	
顂		𩓋					
顃		𩖖					
顅		𫖶					
顆		颗					
題		题					
額		额					
顎		颚					
顏	顔	颜			顔		
顒		颙					
顓		颛					
顗		𫖮					
願		愿 𫖸					
顙		颡					
顛		颠					
類		类			類	類	
顢		颟					
顣		𫖹					
顥		颢					
顧		顾					
顫		颤					
顬		颥					
顯		显			顕		
顰		颦					
顱		颅					
顳		颞					
顴		颧					
風		风					
颭		飐					
颮		飑					
颯		飒					
颰		𩙥					
颱		台					
颳		刮					
颶		飓					
颷		𩙪					
颸		飔					
颺		飏 扬					
颻		飖					
颼		飕					
颾		𩙫					
飀		飗					
飄		飘					
飆		飙					
飈		飚					
飋		𫗋					
飛		飞					
食		食					
飠		饣					
飢		饥					
飣		饤					
飥		饦					
飦		𫗞					
飧	飱	飧					
飩		饨					
飪		饪					
飫		饫					
飭		饬					
飯		饭					
飲		饮					
飴		饴					
飵		𫗢					
飶		𫗣					
飼		饲					
飽		饱					
飾		饰					
飿		饳					
餃		饺					
餄		饸					
餅		饼			餅	餠	
餈	糍	糍					
餉		饷					
養		养					
餌		饵					
餎		饹					
餏		饻					
餐		餐					
餑		饽					
餒		馁					
餓		饿					
餔		𫗦					
餕		馂					
餖		饾					
餗		𫗧					
餘		余 馀			余		
餚	肴	肴					
餛		馄					
餜		馃					
餞		饯					
餡		馅					
餦		𫗠					
餧		𫗪					
館	舘	馆					
餪		𫗬					
餫		𫗥					
餬		糊 𫗫					
餭		𫗮					
餮		餮					
餱		糇 𫗯					
餳		饧					
餵		喂 𫗭					
餶		馉					
餷		馇					
餸		𩠌					
餺		馎					
餼		饩					
餾		馏					
餿		馊					
饁		馌					
饃		馍					
饅		馒					
饈		馐					
饉		馑					
饊		馓					
饋		馈					
饌		馔					
饑		饥					
饒		饶					
饔		饔					
饕		饕					
饗		飨					
饘		𫗴					
饜		餍					
饞		馋					
饟		𫗵					
饠		𫗩					
饢		馕					
首		首					
馗		馗					
馘		馘					
香		香					
馝		馝					
馞		馞					
馥		馥					
馧		馧					
馨		馨					
馬		马					
馭		驭					
馮		冯					
馯		𫘛					
馱		驮					
馳		驰					
馴		驯					
馹		驲					
馼		𫘜					
駁		驳					
駃		𫘝					
駉		𬳶					
駊		𫘟					
駎		𩧨					
駐		驻					
駑		驽					
駒		驹					
駓		𬳵					
駔		驵					
駕		驾					
駘		骀					
駙		驸					
駚		𩧫					
駛		驶					
駝		驼					
駞		𫘞					
駟		驷					
駢		骈					
駤		𫘠					
駧		𩧲					
駩		𩧴					
駪		𬳽					
駫		𫘡					
駭		骇					
駰		骃					
駱		骆					
駶		𩧺					
駸		骎					
駻		𫘣					
駼		𬳿					
駿		骏					
騁		骋					
騂		骍					
騃		𫘤					
騄		𫘧					
騅		骓					
騉		𫘥					
騊		𫘦					
騌		骔 鬃					
騍		骒					
騎		骑					
騏		骐					
騑		𬴂					
騔		𩨀					
騖		骛					
騙		骗					
騚		𩨊					
騜		𫘩					
騝		𩨃					
騞		𬴃					
騟		𩨈					
騠		𫘨					
騤		骙					
騧		䯄					
騪		𩨄					
騫		骞					
騭		骘					
騮		骝					
騰		腾					
騱		𫘬					
騴		𫘫					
騵		𫘪					
騶		驺					
騷		骚			騒		
騸		骟					
騻		𫘭					
騼		𫠋					
騾		骡					
驀		蓦					
驁		骜					
驂		骖					
驃		骠					
驄		骢 𩨂					
驅		驱			駆		
驊		骅					
驋		𩧯					
驌		骕					
驍		骁					
驎		𬴊					
驏		骣					
驓		𫘯					
驕		骄					
驗		验			験		
驙		𫘰					
驚		惊					
驛		驿			駅		
驟		骤					
驢		驴					
驤		骧					
驥		骥					
驦		骦					
驨		𫘱					
驪		骊					
驫		骉					
骨		骨					
骯		肮					
骰		骰					
骱		骱					
骶		骶					
骷		骷					
骸		骸					
骺		骺					
骼		骼					
髀		髀					
髁		髁					
髂		髂					
髃		髃					
髎		髎					
髏		髅					
髑		髑					
髒		脏					
髓		髓			髄		
體		体			体		
髕		髌					
髖		髋					
高		高					
髡		髡					
髢		髢					
髦		髦					
髫		髫					
髭		髭					
髮		发			髪		
髯		髯					
髹		髹					
髻		髻					
髽		髽					
鬃		鬃					
鬆		松					
鬈		鬈					
鬍		胡					
鬏		鬏					
鬒		鬒					
鬖		𩭹					
鬘		鬘					
鬚		须					
鬟		鬟					
鬠		𫘽					
鬢		鬓					
鬣		鬣					
鬥	鬭 闘	斗			闘	鬭	
鬧		闹					
鬨	閧	哄					
鬩		阋					
鬮		阄					
鬯		鬯					
鬱		郁					
鬲		鬲					
鬷		鬷					
鬹		鬶					
鬻		鬻					
鬼		鬼					
魁		魁					
魂		魂					
魃		魃					
魄		魄					
魅		魅					
魆		魆					
魈		魈					
魋		魋					
魍		魍					
魎		魉					
魏		魏					
魑		魑					
魔		魔					
魘		魇					
魚		鱼					
魛		鱽					
魟		𫚉					
魢		鱾					
魥		𩽹					
魦		𫚌					
魨		鲀					
魯		鲁					
魴		鲂					
魵		𫚍					
魷		鱿					
魺		鲄					
魽		𫠐					
鮀		𬶍					
鮁		鲅					
鮃		鲆					
鮄		𫚒					
鮅		𫚑					
鮆		𫚖					
鮈		𬶋					
鮊		鲌					
鮋		鲉					
鮍		鲏					
鮎		鲇	鯰				
鮐		鲐					
鮑		鲍					
鮒		鲋					
鮓		鲊					
鮚		鲒					
鮜		鲘					
鮞		鲕					
鮟		𩽾					
鮠		𬶏					
鮡		𬶐					
鮣		䲟					
鮤		𫚓					
鮦		鲖					
鮪		鲔					
鮫		鲛					
鮭		鲑					
鮮		鲜					
鮯		𫚗					
鮰		𫚔					
鮳		鲓					
鮵		𫚛					
鮶		鲪					
鮸		𩾃					
鮺		鲝					
鮿		𫚚					
鯀		鲧					
鯁		鲠					
鯄		𩾁					
鯆		𫚙					
鯇		鲩					
鯉		鲤					
鯊		鲨					
鯒		鲬					
鯔		鲻					
鯕		鲯					
鯖		鲭					
鯗	鮝	鲞					
鯛		鲷					
鯝		鲴					
鯞		𫚡					
鯡		鲱					
鯢		鲵					
鯤		鲲					
鯧		鲳					
鯨		鲸					
鯪		鲮					
鯫		鲰					
鯬		𫚞					
鯰		鲶					
鯱		𩾇					
鯴		鲺					
鯶		𩽼					
鯷		鳀					
鯻		𬶟					
鯽		鲫					
鯾		𫚣					
鯿		鳊					
鰁		鳈					
鰂		鲗					
鰃		鳂					
鰆		䲠					
鰈		鲽					
鰉		鳇					
鰊		𬶠					
鰋		𫚢					
鰌		䲡					
鰍		鳅					
鰏		鲾					
鰑		𫚊					
鰒		鳆					
鰓		鳃					
鰕		𫚥					
鰜		鳒					
鰟		鳑					
鰠		鳋					
鰣		鲥					
鰤		𫚕					
鰥		鳏					
鰦		𫚤					
鰧		䲢					
鰨		鳎					
鰩		鳐					
鰫		𫚦					
鰭		鳍					
鰮	鰛	鳁		鰛			
鰱		鲢					
鰲		鳌					
鰳		鳓					
鰵		鳘					
鰶		𬶭					
鰷		鲦					
鰹		鲣					
鰺		鲹					
鰻		鳗					
鰼		鳛					
鰽		𫚧					
鰾		鳔					
鱀		𬶨					
鱂		鳉					
鱄		𫚋					
鱅		鳙					
鱆		𫠒					
鱇		𩾌					
鱈		鳕					
鱉		鳖			鼈		
鱊		𫚪					
鱒		鳟					
鱔		鳝					
鱖		鳜					
鱗		鳞					
鱘		鲟					
鱚		𬶮					
鱝		鲼					
鱟		鲎					
鱠		鲙					
鱢		𫚫					
鱣		鳣					
鱤		鳡					
鱧		鳢					
鱨		鲿					
鱭		鲚					
鱮		𫚈					
鱯		鳠					
鱲		𫚭					
鱷	鰐 𧍞	鳄					
鱸		鲈					
鱺		鲡					
鳥		鸟					
鳧	鳬	凫					
鳩		鸠					
鳲		鸤					
鳳		凤					
鳴		鸣					
鳶		鸢					
鳷		𫛛					
鳼		𪉃					
鳽		𫛚					
鳾		䴓					
鴀		𫛜					
鴃		𫛞					
鴅		𫛝					
鴆		鸩					
鴇		鸨					
鴉		鸦					
鴐		𫛤					
鴒		鸰					
鴔		𫛡					
鴕		鸵					
鴗		𫁡					
鴛		鸳					
鴜		𪉈					
鴝		鸲					
鴞		鸮					
鴟		鸱					
鴣		鸪					
鴥		𫛣					
鴦		鸯					
鴨		鸭					
鴮		𫛦					
鴯		鸸					
鴰		鸹					
鴲		𪉆					
鴳		𫛩					
鴴		鸻					
鴷		䴕					
鴻		鸿					
鴽		𫛪					
鴿		鸽					
鵁		䴔					
鵂		鸺					
鵃		鸼					
鵊		𫛥					
鵏		𬷕					
鵐		鹀					
鵑		鹃					
鵒		鹆					
鵓		鹁					
鵚		𪉍					
鵜		鹈					
鵝		鹅					
鵟		𫛭					
鵠		鹄					
鵡		鹉					
鵧		𫛨					
鵩		𫛳					
鵪		鹌					
鵫		𫛱					
鵬		鹏					
鵮		鹐					
鵯		鹎					
鵰		雕 𫛲					
鵲		鹊					
鵷		鹓					
鵾		鹍					
鶄		䴖					
鶇		鸫					
鶉		鹑					
鶊		鹒					
鶌		𫛵					
鶒		𫛶					
鶓		鹋					
鶖		鹙					
鶗		𫛸					
鶘		鹕					
鶚		鹗					
鶠		𬸘					
鶡		鹖					
鶥		鹛					
鶦		𫛷					
鶩		鹜					
鶪		䴗					
鶬		鸧					
鶭		𫛯					
鶯		莺					
鶰		𫛫					
鶱		𬸣					
鶲		鹟					
鶴		鹤					
鶹		鹠					
鶺		鹡					
鶻		鹘					
鶼		鹣					
鷀	鶿	鹚					
鷁		鹢					
鷂		鹞					
鷅		𫛽					
鷉		䴘					
鷊		鹝					
鷐		𫜀					
鷓		鹧					
鷔		𪉑					
鷖		鹥					
鷗		鸥			鴎		
鷙		鸷					
鷚		鹨					
鷟		𬸦					
鷣		𫜃					
鷤		𫛴					
鷥		鸶					
鷦		鹪					
鷨		𪉊					
鷩		𫜁					
鷫		鹔					
鷭		𬸪					
鷯		鹩					
鷲		鹫					
鷳		鹇					
鷴		鹇					
鷷		𫜄					
鷸		鹬					
鷹		鹰					
鷺		鹭					
鷽		鸴					
鷿		𬸯					
鸂		㶉					
鸇		鹯					
鸊		䴙					
鸋		𫛢					
鸌		鹱					
鸏		鹲					
鸑		𬸚					
鸕		鸬					
鸗		𫛟					
鸘		鹴					
鸚		鹦					
鸛		鹳					
鸝		鹂					
鸞		鸾					
鹵		卤					
鹹		咸					
鹺		鹾					
鹼	碱	碱			鹸		
鹽		盐			塩		
鹿		鹿					
麀		麀					
麂		麂					
麇		麇					
麈		麈					
麋		麋					
麑		麑					
麒		麒					
麓		麓					
麖		麖					
麗		丽					
麝		麝					
麟		麟					
麥		麦			麦		
麨		𪎊					
麩		麸					
麪	麫 麵	面 麺 𮮄	麵	麪	麺	麵	
麬		𤿲					
麲		𪎉					
麳		𪎌					
麴	麯	曲 麹 𱋐	麴 麯	麴	麹		
麷		𫜑					
麻		麻					
麼	麽	么 麽					
麾		麾					
黃	黄	黄			黄		
黇		黇					
黌		黉					
黍		黍					
黎		黎					
黏		黏					
黑		黑			黒		
黔		黔					
默		默			黙		
黛		黛					
黜		黜					
黝		黝					
點		点			点		
黟		黟					
黠		黠					
黢		黢					
黥		黥					
黧		黧					
黨		党			党		
黯		黯					
黲		黪					
黴		霉					
黶		黡					
黷		黩					
黹		黹					
黻		黻					
黼		黼					
黽		黾					
黿		鼋					
鼂		鼌					
鼉		鼍					
鼎		鼎					
鼐		鼐					
鼒		鼒					
鼓		鼓					
鼕		冬					
鼗		鼗					
鼙		鼙					
鼠		鼠					
鼢		鼢					
鼩		鼩					
鼫		鼫					
鼬		鼬					
鼯		鼯					
鼱		鼱					
鼴	鼹	鼹					
鼷		鼷					
鼻		鼻					
鼽		鼽					
鼾		鼾					
齁		齁					
齇		齇					
齉		齉					
齊		齐			斉		
齋		斋			斎		
齎	賫	赍					
齏		齑					
齒		齿			歯		
齔		龀					
齕		龁					
齗		龂					
齘		𬹼					
齙		龅					
齜		龇					
齟		龃					
齠		龆					
齡		龄			齢		
齣		出					
齦		龈					
齧		啮 𫜩					
齩		𫜪 咬					
齪		龊					
齬		龉					
齭		𫜭					
齮		𬺈					
齯		𫠜					
齰		𫜬					
齲		龋					
齴		𫜮					
齶	腭	腭	顎				
齷		龌					
齼		𬺓					
齾		𫜰					
龍		龙			竜		
龎		厐					
龐		庞					
龑		䶮					
龓		𫜲					
龔		龚					
龕		龛					
龜		龟			亀		
龠		龠					
龢		龢 和					
龭		𩨎					
龯		𨱆					
鿁		䜤					
鿍		鿍					
鿓		鿒					
𠁞		𠀾					
𠅤		𠅤					
𠌥		𠆿					
𠏢		𠉗					
𠐊		𫝋					
𠗣		㓆					
𠙶		𠙶					
𠞆		𠛆					
𠠎		𠚳					
𠬙		𪠡					
𠳐		𠳐					
𠽃		𪠺					
𠿕		𪜎					
𡂡		𪢒					
𡃄		𪡺					
𡃕		𠴛					
𡃤		𪢐					
𡄔		𠴢					
𡄣		𠵸					
𡅏		𠲥					
𡅯		𪢖					
𡎚		𡎚					
𡐓		𡐓					
𡑍		𫭼					
𡑭		𡋗					
𡓁		𪤄					
𡓾		𡋀					
𡔖		𡍣					
𡞵		㛟					
𡟫		𫝪					
𡠹		㛿					
𡢃		㛠					
𡮉		𡭜					
𡮣		𡭬					
𡳳		𡳃					
𡸗		𪨩					
𡹬		𪨹					
𡽗		𡸃					
𡾱		㟜					
𡿖		𪩛					
𢍰		𪪴					
𢠼		𢙑					
𢣐		𪬚					
𢣚		𢘝					
𢣭		𢘞					
𢤩		𪫡					
𢤱		𢘙					
𢤿		𪬯					
𢯷		𪭝					
𢶒		𪭯					
𢶫		𢫞					
𢷮		𢫊					
𢹿		𢬦					
𢺳		𪮳					
𣈶	暅	暅					
𣋋		𣈣					
𣍐		𫧃					
𣙎		㭣					
𣜬		𪳗					
𣝕		𣘷					
𣞻		𣘓					
𣠩		𣞎					
𣠲		𣑶					
𣯩		𣯣					
𣯴		𣭤					
𣯶		毶					
𣽏		𪶮					
𣾷		㳢					
𣿉		𣶫					
𤁣		𣺽					
𤄷		𪶒					
𤅶		𣷷					
𤑳		𤎻					
𤑹		𪹀					
𤒎		𤊀					
𤒻		𪹹					
𤓌		𪹠					
𤓎	㸇	𤎺					
𤓩		𤊰					
𤘀		𪺣					
𤛮		𤙯					
𤛱		𫞢					
𤜆		𪺪					
𤠮		𪺸					
𤢟		𤝢					
𤢻		𢢐					
𤧛		𤧛					
𤩂		𫞧					
𤪺		㻘					
𤫉		𤫉					
𤫩		㻏					
𤬅		𪼴					
𤳷		𪽝					
𤳸		𤳄					
𤷃		𪽭					
𤸫		𤶧					
𤺔		𪽴					
𥊝		𥅿					
𥌃		𥅘					
𥏝		𪿊					
𥔲		𥔲					
𥕢		𥕢					
𥕥		𥐰					
𥖅		𥐯					
𥖨		𥖨					
𥖲		𪿞					
𥗇		𪿵					
𥗽		𬒗					
𥜐		𫀓					
𥜰		𫀌					
𥞵		𥞦					
𥢢		䅪					
𥢶		𫞷					
𥢷		𫀮					
𥨐		𥧂					
𥪂		𥩺					
𥯤		𫁳					
𥴨		𫂖					
𥴼		𫁺					
𥵃		𥱔					
𥵊		𥭉					
𥶽		𫁱					
𥸠		𥮋					
𥻗		𥻗					
𥻦		𫂿					
𥼽		𥹥					
𥽖		𥺇					
𥾯		𫄝					
𥿊		𦈈					
𦀖		𫄦					
𦂅		𦈒					
𦃄		𦈗					
𦃩		𫄯					
𦅇		𫄪					
𦅈		𫄵					
𦆲		𫟇					
𦒀		𫅥					
𦒍		𦒍					
𦔖		𫅼					
𦘧		𡳒					
𦙶		𦙶					
𦟼		𫆝					
𦠅		𫞅					
𦡝		𫆫					
𦢈		𣍨					
𦣎		𦟗					
𦧺		𫇘					
𦪙		䑽					
𦪽		𦨩					
𦭜		𦭜					
𦰡		𦰡					
𦱌		𫇪					
𦾟		𦶻					
𧎈		𧌥					
𧒯		𫊹					
𧔥		𧒭					
𧕟		𧉐					
𧜗		䘞					
𧜵		䙊					
𧝞		䘛					
𧞫		𫌋					
𧟀		𧝧					
𧡴		𫌫					
𧢄		𫌬					
𧦝		𫍞					
𧦧		𫍟					
𧩕		𫍭					
𧩙		䜥					
𧩼		𫍶					
𧫝		𫍺					
𧬤		𫍼					
𧭈		𫍾					
𧭹		𫍐					
𧳟		𧳕					
𧵳		䞌					
𧶔		𧹓					
𧶧		䞎					
𧷎		𪠀					
𧸘		𫎨					
𧹈		𪥠					
𧽯		𫎸					
𧿹		𧿹					
𨂐		𫏌					
𨄣		𨀱					
𨅍		𨁴					
𨆪		𫏕					
𨇁		𧿈					
𨇞		𨅫					
𨇤		𫏨					
𨇰		𫏞					
𨇽		𫏑					
𨈊		𨂺					
𨈌		𨄄					
𨊰		䢀					
𨊸		䢁					
𨊻		𨐆					
𨋢		䢂					
𨌈		𫐍					
𨍰		𫐔					
𨎌		𫐋					
𨎮		𨐉					
𨏠		𨐇					
𨏥		𨐊					
𨙸		𨙸					
𨚕		𨚕					
𨞺		𫟫					
𨟊		𫟬					
𨟠		𨟠					
𨢿		𨡙					
𨣈		𨡺					
𨣞		𨟳					
𨣧		𨠨					
𨤻		𨤰					
𨥛		𨱀					
𨥟		𫓫					
𨦫		䦀					
𨧀		𬭊					
𨧜		䦁					
𨧰		𫟽					
𨧱		𨱊					
𨨏		𬭛					
𨨛		𫓼					
𨨢		𫓿					
𨩰		𫟾					
𨪕		𫓮					
𨫒		𨱐					
𨬖		𫔏					
𨭆		𬭶					
𨭉		𨭉					
𨭎		𬭳					
𨭖		𫔑					
𨭸		𫔐					
𨮂		𨱕					
𨮳		𫔒					
𨯅		䥿					
𨯟		𫔓					
𨰃		𫔉					
𨰋		𫓳					
𨰥		𫔕					
𨰲		𫔃					
𨲳		𫔖					
𨳑		𨸁					
𨳕		𨸀					
𨴗		𨸅					
𨴹		𫔲					
𨵩		𨸆					
𨵸		𨸇					
𨶀		𨸉					
𨶏		𨸊					
𨶮		𨸌					
𨶲		𨸋					
𨷲		𨸎					
𨺙		𨺙					
𨼳		𫔽					
𨽏		𨸘					
𩀨		𫕚					
𩅙		𫕨					
𩎖		𫖑					
𩎢		𩏾					
𩏂		𫖓					
𩏠		𫖖					
𩏪		𩏽					
𩏷		𫃗					
𩑔		𫖪					
𩒎		𫖭					
𩓣		𩖕					
𩓥		𫖵					
𩔑		𫖷					
𩔳		𫖴					
𩖰		𫠇					
𩗀		𩙦					
𩗓		𫗈					
𩗴		𫗉					
𩘀		𩙩					
𩘝		𩙭					
𩘹		𩙨					
𩘺		𩙬					
𩙈		𩙰					
𩚛		𩟿					
𩚥		𩠀					
𩚩		𫗡					
𩚵		𩠁					
𩛆		𩠂					
𩛌		𫗤					
𩛡		𫗨					
𩛩		𩠃					
𩜇		𩠉					
𩜦		𩠆					
𩜵		𩠊					
𩝔		𩠋					
𩝽		𫗳					
𩞄		𩠎					
𩞦		𩠏					
𩞯		䭪					
𩟐		𩠅					
𩟗		𫗚					
𩠴		𩠠					
𩡣		𩡖					
𩡺		𩧦					
𩢡		𩧬					
𩢴		𩧵					
𩢸		𩧳					
𩢾		𩧮					
𩣏		𩧶					
𩣑		䯃					
𩣫		𩧸					
𩣵		𩧻					
𩣺		𩧼					
𩤊		𩧩					
𩤙		𩨆					
𩤲		𩨉					
𩤸		𩨅					
𩥄		𩨋					
𩥇		𩨍					
𩥉		𩧱					
𩥑		𩨌					
𩦠		𫠌					
𩧆		𩨐					
𩭙		𩬣					
𩯁		𫙂					
𩯳		𩯒					
𩰀		𩬤					
𩰹		𩰰					
𩳤		𩲒					
𩴵		𩴌					
𩵦		𫠏					
𩵩		𩽺					
𩵹		𩽻					
𩶁		𫚎					
𩶘		䲞					
𩶰		𩽿					
𩶱		𩽽					
𩷰		𩾄					
𩸃		𩾅					
𩸄		𫚝					
𩸡		𫚟					
𩸦		𩾆					
𩻗		𫚨					
𩻬		𫚩					
𩻮		𫚘					
𩼶		𫚬					
𩽇		𩾎					
𩿅		𫠖					
𩿤		𫛠					
𩿪		𪉄					
𪀖		𫛧					
𪀦		𪉅					
𪀾		𪉋					
𪁈		𪉉					
𪁖		𪉌					
𪂆		𪉎					
𪃍		𪉐					
𪃏		𪉏					
𪃒		𫛻					
𪃧		𫛹					
𪄆		𪉔					
𪄕		𪉒					
𪅂		𫜂					
𪆷		𫛾					
𪇳		𪉕					
𪈼		𱊜					
𪉸		𫜊					
𪋿		𫧮					
𪌭		𫜓					
𪍠		𫜕					
𪓰		𫜟					
𪔵		𪔭					
𪘀		𪚏					
𪘯		𪚐					
𪙏		𫜯					
𪟖		𠛾					
𪤗		𪤗					
𪨰		𪨰					
𪷓		𣶭					
𫒡		𫓷					
𫜦		𫜫					
𬌗		𬌗					
𬒔		𬒔					
